cha_labels,F:\UCLH_GLAS\icEEG\1005\20110621_1309.edf,F:\UCLH_GLAS\icEEG\1005\20110621_13091.edf,F:\UCLH_GLAS\icEEG\1005\20110621_13093.edf,F:\UCLH_GLAS\icEEG\1005\20110621_13095.edf,F:\UCLH_GLAS\icEEG\1005\20110621_1909.edf,F:\UCLH_GLAS\icEEG\1005\20110622_1310.edf,F:\UCLH_GLAS\icEEG\1005\20110623_1311.edf,F:\UCLH_GLAS\icEEG\1005\20110624_1312.edf,F:\UCLH_GLAS\icEEG\1005\20110625_1313.edf,F:\UCLH_GLAS\icEEG\1005\20110625_1913.edf,F:\UCLH_GLAS\icEEG\1005\20110626_1313.edf,F:\UCLH_GLAS\icEEG\1005\20110626_1914.edf,F:\UCLH_GLAS\icEEG\1005\20110627_0114.edf,F:\UCLH_GLAS\icEEG\1005\20110627_0714.edf,F:\UCLH_GLAS\icEEG\1005\20110627_1314.edf,F:\UCLH_GLAS\icEEG\1005\20110627_13141.edf,F:\UCLH_GLAS\icEEG\1005\20110627_13142.edf,F:\UCLH_GLAS\icEEG\1005\20110627_13143.edf,F:\UCLH_GLAS\icEEG\1005\20110627_13144.edf,F:\UCLH_GLAS\icEEG\1005\20110627_13145.edf,F:\UCLH_GLAS\icEEG\1005\20110627_13146.edf,F:\UCLH_GLAS\icEEG\1005\20110627_13147.edf,F:\UCLH_GLAS\icEEG\1005\20110627_13148.edf,F:\UCLH_GLAS\icEEG\1005\20110627_13149.edf,F:\UCLH_GLAS\icEEG\1005\20110627_1915.edf,F:\UCLH_GLAS\icEEG\1005\20110628_0115.edf,F:\UCLH_GLAS\icEEG\1005\20110628_0716.edf,F:\UCLH_GLAS\icEEG\1005\20110628_07161.edf,F:\UCLH_GLAS\icEEG\1005\20110628_07162.edf,F:\UCLH_GLAS\icEEG\1005\20110628_1409.edf,F:\UCLH_GLAS\icEEG\1005\20110628_14091.edf,F:\UCLH_GLAS\icEEG\1005\20110628_14092.edf,F:\UCLH_GLAS\icEEG\1005\20110628_14093.edf,F:\UCLH_GLAS\icEEG\1005\20110628_14094.edf,F:\UCLH_GLAS\icEEG\1005\20110628_14095.edf,F:\UCLH_GLAS\icEEG\1005\20110628_14096.edf,F:\UCLH_GLAS\icEEG\1005\20110628_2010.edf,F:\UCLH_GLAS\icEEG\1005\20110629_0810.edf,F:\UCLH_GLAS\icEEG\1005\20110629_08101.edf,F:\UCLH_GLAS\icEEG\1005\20110629_08102.edf,F:\UCLH_GLAS\icEEG\1005\20110629_1411.edf,F:\UCLH_GLAS\icEEG\1005\20110629_2011.edf,F:\UCLH_GLAS\icEEG\1005\20110630_02111.edf,F:\UCLH_GLAS\icEEG\1005\20110630_02112.edf
EEG GA_01-REF,EEG GA_01-REF,EEG GA_01-REF,EEG GA_01-REF,EEG GA_01-REF,EEG GA_01-REF,EEG GA_01-REF,EEG GA_01-REF,EEG GA_01-REF,EEG GA_01-REF,EEG GA_01-REF,EEG GA_01-REF,EEG GA_01-REF,EEG GA_01-REF,EEG GA_01-REF,EEG GA_01-REF,EEG GA_01-REF,EEG GA_01-REF,EEG GA_01-REF,EEG GA_01-REF,EEG GA_01-REF,EEG GA_01-REF,EEG GA_01-REF,EEG GA_01-REF,EEG GA_01-REF,EEG GA_01-REF,EEG GA_01-REF,EEG GA_01-REF,,EEG GA_01-REF,EEG GA_01-REF,EEG GA_01-REF,EEG GA_01-REF,EEG GA_01-REF,EEG GA_01-REF,EEG GA_01-REF,EEG GA_01-REF,EEG GA_01-REF,EEG GA_01-REF,EEG GA_01-REF,EEG GA_01-REF,EEG GA_01-REF,EEG GA_01-REF,,EEG GA_01-REF
EEG GA_02-REF,EEG GA_02-REF,EEG GA_02-REF,EEG GA_02-REF,EEG GA_02-REF,EEG GA_02-REF,EEG GA_02-REF,EEG GA_02-REF,EEG GA_02-REF,EEG GA_02-REF,EEG GA_02-REF,EEG GA_02-REF,EEG GA_02-REF,EEG GA_02-REF,EEG GA_02-REF,EEG GA_02-REF,EEG GA_02-REF,EEG GA_02-REF,EEG GA_02-REF,EEG GA_02-REF,EEG GA_02-REF,EEG GA_02-REF,EEG GA_02-REF,EEG GA_02-REF,EEG GA_02-REF,EEG GA_02-REF,EEG GA_02-REF,EEG GA_02-REF,,EEG GA_02-REF,EEG GA_02-REF,EEG GA_02-REF,EEG GA_02-REF,EEG GA_02-REF,EEG GA_02-REF,EEG GA_02-REF,EEG GA_02-REF,EEG GA_02-REF,EEG GA_02-REF,EEG GA_02-REF,EEG GA_02-REF,EEG GA_02-REF,EEG GA_02-REF,,EEG GA_02-REF
EEG GA_03-REF,EEG GA_03-REF,EEG GA_03-REF,EEG GA_03-REF,EEG GA_03-REF,EEG GA_03-REF,EEG GA_03-REF,EEG GA_03-REF,EEG GA_03-REF,EEG GA_03-REF,EEG GA_03-REF,EEG GA_03-REF,EEG GA_03-REF,EEG GA_03-REF,EEG GA_03-REF,EEG GA_03-REF,EEG GA_03-REF,EEG GA_03-REF,EEG GA_03-REF,EEG GA_03-REF,EEG GA_03-REF,EEG GA_03-REF,EEG GA_03-REF,EEG GA_03-REF,EEG GA_03-REF,EEG GA_03-REF,EEG GA_03-REF,EEG GA_03-REF,,EEG GA_03-REF,EEG GA_03-REF,EEG GA_03-REF,EEG GA_03-REF,EEG GA_03-REF,EEG GA_03-REF,EEG GA_03-REF,EEG GA_03-REF,EEG GA_03-REF,EEG GA_03-REF,EEG GA_03-REF,EEG GA_03-REF,EEG GA_03-REF,EEG GA_03-REF,,EEG GA_03-REF
EEG GA_04-REF,EEG GA_04-REF,EEG GA_04-REF,EEG GA_04-REF,EEG GA_04-REF,EEG GA_04-REF,EEG GA_04-REF,EEG GA_04-REF,EEG GA_04-REF,EEG GA_04-REF,EEG GA_04-REF,EEG GA_04-REF,EEG GA_04-REF,EEG GA_04-REF,EEG GA_04-REF,EEG GA_04-REF,EEG GA_04-REF,EEG GA_04-REF,EEG GA_04-REF,EEG GA_04-REF,EEG GA_04-REF,EEG GA_04-REF,EEG GA_04-REF,EEG GA_04-REF,EEG GA_04-REF,EEG GA_04-REF,EEG GA_04-REF,EEG GA_04-REF,,EEG GA_04-REF,EEG GA_04-REF,EEG GA_04-REF,EEG GA_04-REF,EEG GA_04-REF,EEG GA_04-REF,EEG GA_04-REF,EEG GA_04-REF,EEG GA_04-REF,EEG GA_04-REF,EEG GA_04-REF,EEG GA_04-REF,EEG GA_04-REF,EEG GA_04-REF,,EEG GA_04-REF
EEG GA_05-REF,EEG GA_05-REF,EEG GA_05-REF,EEG GA_05-REF,EEG GA_05-REF,EEG GA_05-REF,EEG GA_05-REF,EEG GA_05-REF,EEG GA_05-REF,EEG GA_05-REF,EEG GA_05-REF,EEG GA_05-REF,EEG GA_05-REF,EEG GA_05-REF,EEG GA_05-REF,EEG GA_05-REF,EEG GA_05-REF,EEG GA_05-REF,EEG GA_05-REF,EEG GA_05-REF,EEG GA_05-REF,EEG GA_05-REF,EEG GA_05-REF,EEG GA_05-REF,EEG GA_05-REF,EEG GA_05-REF,EEG GA_05-REF,EEG GA_05-REF,,EEG GA_05-REF,EEG GA_05-REF,EEG GA_05-REF,EEG GA_05-REF,EEG GA_05-REF,EEG GA_05-REF,EEG GA_05-REF,EEG GA_05-REF,EEG GA_05-REF,EEG GA_05-REF,EEG GA_05-REF,EEG GA_05-REF,EEG GA_05-REF,EEG GA_05-REF,,EEG GA_05-REF
EEG GA_06-REF,EEG GA_06-REF,EEG GA_06-REF,EEG GA_06-REF,EEG GA_06-REF,EEG GA_06-REF,EEG GA_06-REF,EEG GA_06-REF,EEG GA_06-REF,EEG GA_06-REF,EEG GA_06-REF,EEG GA_06-REF,EEG GA_06-REF,EEG GA_06-REF,EEG GA_06-REF,EEG GA_06-REF,EEG GA_06-REF,EEG GA_06-REF,EEG GA_06-REF,EEG GA_06-REF,EEG GA_06-REF,EEG GA_06-REF,EEG GA_06-REF,EEG GA_06-REF,EEG GA_06-REF,EEG GA_06-REF,EEG GA_06-REF,EEG GA_06-REF,,EEG GA_06-REF,EEG GA_06-REF,EEG GA_06-REF,EEG GA_06-REF,EEG GA_06-REF,EEG GA_06-REF,EEG GA_06-REF,EEG GA_06-REF,EEG GA_06-REF,EEG GA_06-REF,EEG GA_06-REF,EEG GA_06-REF,EEG GA_06-REF,EEG GA_06-REF,,EEG GA_06-REF
EEG GA_07-REF,EEG GA_07-REF,EEG GA_07-REF,EEG GA_07-REF,EEG GA_07-REF,EEG GA_07-REF,EEG GA_07-REF,EEG GA_07-REF,EEG GA_07-REF,EEG GA_07-REF,EEG GA_07-REF,EEG GA_07-REF,EEG GA_07-REF,EEG GA_07-REF,EEG GA_07-REF,EEG GA_07-REF,EEG GA_07-REF,EEG GA_07-REF,EEG GA_07-REF,EEG GA_07-REF,EEG GA_07-REF,EEG GA_07-REF,EEG GA_07-REF,EEG GA_07-REF,EEG GA_07-REF,EEG GA_07-REF,EEG GA_07-REF,EEG GA_07-REF,,EEG GA_07-REF,EEG GA_07-REF,EEG GA_07-REF,EEG GA_07-REF,EEG GA_07-REF,EEG GA_07-REF,EEG GA_07-REF,EEG GA_07-REF,EEG GA_07-REF,EEG GA_07-REF,EEG GA_07-REF,EEG GA_07-REF,EEG GA_07-REF,EEG GA_07-REF,,EEG GA_07-REF
EEG GA_08-REF,EEG GA_08-REF,EEG GA_08-REF,EEG GA_08-REF,EEG GA_08-REF,EEG GA_08-REF,EEG GA_08-REF,EEG GA_08-REF,EEG GA_08-REF,EEG GA_08-REF,EEG GA_08-REF,EEG GA_08-REF,EEG GA_08-REF,EEG GA_08-REF,EEG GA_08-REF,EEG GA_08-REF,EEG GA_08-REF,EEG GA_08-REF,EEG GA_08-REF,EEG GA_08-REF,EEG GA_08-REF,EEG GA_08-REF,EEG GA_08-REF,EEG GA_08-REF,EEG GA_08-REF,EEG GA_08-REF,EEG GA_08-REF,EEG GA_08-REF,,EEG GA_08-REF,EEG GA_08-REF,EEG GA_08-REF,EEG GA_08-REF,EEG GA_08-REF,EEG GA_08-REF,EEG GA_08-REF,EEG GA_08-REF,EEG GA_08-REF,EEG GA_08-REF,EEG GA_08-REF,EEG GA_08-REF,EEG GA_08-REF,EEG GA_08-REF,,EEG GA_08-REF
EEG GA_09-REF,EEG GA_09-REF,EEG GA_09-REF,EEG GA_09-REF,EEG GA_09-REF,EEG GA_09-REF,EEG GA_09-REF,EEG GA_09-REF,EEG GA_09-REF,EEG GA_09-REF,EEG GA_09-REF,EEG GA_09-REF,EEG GA_09-REF,EEG GA_09-REF,EEG GA_09-REF,EEG GA_09-REF,EEG GA_09-REF,EEG GA_09-REF,EEG GA_09-REF,EEG GA_09-REF,EEG GA_09-REF,EEG GA_09-REF,EEG GA_09-REF,EEG GA_09-REF,EEG GA_09-REF,EEG GA_09-REF,EEG GA_09-REF,EEG GA_09-REF,,EEG GA_09-REF,EEG GA_09-REF,EEG GA_09-REF,EEG GA_09-REF,EEG GA_09-REF,EEG GA_09-REF,EEG GA_09-REF,EEG GA_09-REF,EEG GA_09-REF,EEG GA_09-REF,EEG GA_09-REF,EEG GA_09-REF,EEG GA_09-REF,EEG GA_09-REF,,EEG GA_09-REF
EEG GA_10-REF,EEG GA_10-REF,EEG GA_10-REF,EEG GA_10-REF,EEG GA_10-REF,EEG GA_10-REF,EEG GA_10-REF,EEG GA_10-REF,EEG GA_10-REF,EEG GA_10-REF,EEG GA_10-REF,EEG GA_10-REF,EEG GA_10-REF,EEG GA_10-REF,EEG GA_10-REF,EEG GA_10-REF,EEG GA_10-REF,EEG GA_10-REF,EEG GA_10-REF,EEG GA_10-REF,EEG GA_10-REF,EEG GA_10-REF,EEG GA_10-REF,EEG GA_10-REF,EEG GA_10-REF,EEG GA_10-REF,EEG GA_10-REF,EEG GA_10-REF,,EEG GA_10-REF,EEG GA_10-REF,EEG GA_10-REF,EEG GA_10-REF,EEG GA_10-REF,EEG GA_10-REF,EEG GA_10-REF,EEG GA_10-REF,EEG GA_10-REF,EEG GA_10-REF,EEG GA_10-REF,EEG GA_10-REF,EEG GA_10-REF,EEG GA_10-REF,,EEG GA_10-REF
EEG GA_11-REF,EEG GA_11-REF,EEG GA_11-REF,EEG GA_11-REF,EEG GA_11-REF,EEG GA_11-REF,EEG GA_11-REF,EEG GA_11-REF,EEG GA_11-REF,EEG GA_11-REF,EEG GA_11-REF,EEG GA_11-REF,EEG GA_11-REF,EEG GA_11-REF,EEG GA_11-REF,EEG GA_11-REF,EEG GA_11-REF,EEG GA_11-REF,EEG GA_11-REF,EEG GA_11-REF,EEG GA_11-REF,EEG GA_11-REF,EEG GA_11-REF,EEG GA_11-REF,EEG GA_11-REF,EEG GA_11-REF,EEG GA_11-REF,EEG GA_11-REF,,EEG GA_11-REF,EEG GA_11-REF,EEG GA_11-REF,EEG GA_11-REF,EEG GA_11-REF,EEG GA_11-REF,EEG GA_11-REF,EEG GA_11-REF,EEG GA_11-REF,EEG GA_11-REF,EEG GA_11-REF,EEG GA_11-REF,EEG GA_11-REF,EEG GA_11-REF,,EEG GA_11-REF
EEG GA_12-REF,EEG GA_12-REF,EEG GA_12-REF,EEG GA_12-REF,EEG GA_12-REF,EEG GA_12-REF,EEG GA_12-REF,EEG GA_12-REF,EEG GA_12-REF,EEG GA_12-REF,EEG GA_12-REF,EEG GA_12-REF,EEG GA_12-REF,EEG GA_12-REF,EEG GA_12-REF,EEG GA_12-REF,EEG GA_12-REF,EEG GA_12-REF,EEG GA_12-REF,EEG GA_12-REF,EEG GA_12-REF,EEG GA_12-REF,EEG GA_12-REF,EEG GA_12-REF,EEG GA_12-REF,EEG GA_12-REF,EEG GA_12-REF,EEG GA_12-REF,,EEG GA_12-REF,EEG GA_12-REF,EEG GA_12-REF,EEG GA_12-REF,EEG GA_12-REF,EEG GA_12-REF,EEG GA_12-REF,EEG GA_12-REF,EEG GA_12-REF,EEG GA_12-REF,EEG GA_12-REF,EEG GA_12-REF,EEG GA_12-REF,EEG GA_12-REF,,EEG GA_12-REF
EEG GA_13-REF,EEG GA_13-REF,EEG GA_13-REF,EEG GA_13-REF,EEG GA_13-REF,EEG GA_13-REF,EEG GA_13-REF,EEG GA_13-REF,EEG GA_13-REF,EEG GA_13-REF,EEG GA_13-REF,EEG GA_13-REF,EEG GA_13-REF,EEG GA_13-REF,EEG GA_13-REF,EEG GA_13-REF,EEG GA_13-REF,EEG GA_13-REF,EEG GA_13-REF,EEG GA_13-REF,EEG GA_13-REF,EEG GA_13-REF,EEG GA_13-REF,EEG GA_13-REF,EEG GA_13-REF,EEG GA_13-REF,EEG GA_13-REF,EEG GA_13-REF,,EEG GA_13-REF,EEG GA_13-REF,EEG GA_13-REF,EEG GA_13-REF,EEG GA_13-REF,EEG GA_13-REF,EEG GA_13-REF,EEG GA_13-REF,EEG GA_13-REF,EEG GA_13-REF,EEG GA_13-REF,EEG GA_13-REF,EEG GA_13-REF,EEG GA_13-REF,,EEG GA_13-REF
EEG GA_14-REF,EEG GA_14-REF,EEG GA_14-REF,EEG GA_14-REF,EEG GA_14-REF,EEG GA_14-REF,EEG GA_14-REF,EEG GA_14-REF,EEG GA_14-REF,EEG GA_14-REF,EEG GA_14-REF,EEG GA_14-REF,EEG GA_14-REF,EEG GA_14-REF,EEG GA_14-REF,EEG GA_14-REF,EEG GA_14-REF,EEG GA_14-REF,EEG GA_14-REF,EEG GA_14-REF,EEG GA_14-REF,EEG GA_14-REF,EEG GA_14-REF,EEG GA_14-REF,EEG GA_14-REF,EEG GA_14-REF,EEG GA_14-REF,EEG GA_14-REF,,EEG GA_14-REF,EEG GA_14-REF,EEG GA_14-REF,EEG GA_14-REF,EEG GA_14-REF,EEG GA_14-REF,EEG GA_14-REF,EEG GA_14-REF,EEG GA_14-REF,EEG GA_14-REF,EEG GA_14-REF,EEG GA_14-REF,EEG GA_14-REF,EEG GA_14-REF,,EEG GA_14-REF
EEG GA_15-REF,EEG GA_15-REF,EEG GA_15-REF,EEG GA_15-REF,EEG GA_15-REF,EEG GA_15-REF,EEG GA_15-REF,EEG GA_15-REF,EEG GA_15-REF,EEG GA_15-REF,EEG GA_15-REF,EEG GA_15-REF,EEG GA_15-REF,EEG GA_15-REF,EEG GA_15-REF,EEG GA_15-REF,EEG GA_15-REF,EEG GA_15-REF,EEG GA_15-REF,EEG GA_15-REF,EEG GA_15-REF,EEG GA_15-REF,EEG GA_15-REF,EEG GA_15-REF,EEG GA_15-REF,EEG GA_15-REF,EEG GA_15-REF,EEG GA_15-REF,,EEG GA_15-REF,EEG GA_15-REF,EEG GA_15-REF,EEG GA_15-REF,EEG GA_15-REF,EEG GA_15-REF,EEG GA_15-REF,EEG GA_15-REF,EEG GA_15-REF,EEG GA_15-REF,EEG GA_15-REF,EEG GA_15-REF,EEG GA_15-REF,EEG GA_15-REF,,EEG GA_15-REF
EEG GA_16-REF,EEG GA_16-REF,EEG GA_16-REF,EEG GA_16-REF,EEG GA_16-REF,EEG GA_16-REF,EEG GA_16-REF,EEG GA_16-REF,EEG GA_16-REF,EEG GA_16-REF,EEG GA_16-REF,EEG GA_16-REF,EEG GA_16-REF,EEG GA_16-REF,EEG GA_16-REF,EEG GA_16-REF,EEG GA_16-REF,EEG GA_16-REF,EEG GA_16-REF,EEG GA_16-REF,EEG GA_16-REF,EEG GA_16-REF,EEG GA_16-REF,EEG GA_16-REF,EEG GA_16-REF,EEG GA_16-REF,EEG GA_16-REF,EEG GA_16-REF,,EEG GA_16-REF,EEG GA_16-REF,EEG GA_16-REF,EEG GA_16-REF,EEG GA_16-REF,EEG GA_16-REF,EEG GA_16-REF,EEG GA_16-REF,EEG GA_16-REF,EEG GA_16-REF,EEG GA_16-REF,EEG GA_16-REF,EEG GA_16-REF,EEG GA_16-REF,,EEG GA_16-REF
EEG GA_17-REF,EEG GA_17-REF,EEG GA_17-REF,EEG GA_17-REF,EEG GA_17-REF,EEG GA_17-REF,EEG GA_17-REF,EEG GA_17-REF,EEG GA_17-REF,EEG GA_17-REF,EEG GA_17-REF,EEG GA_17-REF,EEG GA_17-REF,EEG GA_17-REF,EEG GA_17-REF,EEG GA_17-REF,EEG GA_17-REF,EEG GA_17-REF,EEG GA_17-REF,EEG GA_17-REF,EEG GA_17-REF,EEG GA_17-REF,EEG GA_17-REF,EEG GA_17-REF,EEG GA_17-REF,EEG GA_17-REF,EEG GA_17-REF,EEG GA_17-REF,,EEG GA_17-REF,EEG GA_17-REF,EEG GA_17-REF,EEG GA_17-REF,EEG GA_17-REF,EEG GA_17-REF,EEG GA_17-REF,EEG GA_17-REF,EEG GA_17-REF,EEG GA_17-REF,EEG GA_17-REF,EEG GA_17-REF,EEG GA_17-REF,EEG GA_17-REF,,EEG GA_17-REF
EEG GA_18-REF,EEG GA_18-REF,EEG GA_18-REF,EEG GA_18-REF,EEG GA_18-REF,EEG GA_18-REF,EEG GA_18-REF,EEG GA_18-REF,EEG GA_18-REF,EEG GA_18-REF,EEG GA_18-REF,EEG GA_18-REF,EEG GA_18-REF,EEG GA_18-REF,EEG GA_18-REF,EEG GA_18-REF,EEG GA_18-REF,EEG GA_18-REF,EEG GA_18-REF,EEG GA_18-REF,EEG GA_18-REF,EEG GA_18-REF,EEG GA_18-REF,EEG GA_18-REF,EEG GA_18-REF,EEG GA_18-REF,EEG GA_18-REF,EEG GA_18-REF,,EEG GA_18-REF,EEG GA_18-REF,EEG GA_18-REF,EEG GA_18-REF,EEG GA_18-REF,EEG GA_18-REF,EEG GA_18-REF,EEG GA_18-REF,EEG GA_18-REF,EEG GA_18-REF,EEG GA_18-REF,EEG GA_18-REF,EEG GA_18-REF,EEG GA_18-REF,,EEG GA_18-REF
EEG GA_19-REF,EEG GA_19-REF,EEG GA_19-REF,EEG GA_19-REF,EEG GA_19-REF,EEG GA_19-REF,EEG GA_19-REF,EEG GA_19-REF,EEG GA_19-REF,EEG GA_19-REF,EEG GA_19-REF,EEG GA_19-REF,EEG GA_19-REF,EEG GA_19-REF,EEG GA_19-REF,EEG GA_19-REF,EEG GA_19-REF,EEG GA_19-REF,EEG GA_19-REF,EEG GA_19-REF,EEG GA_19-REF,EEG GA_19-REF,EEG GA_19-REF,EEG GA_19-REF,EEG GA_19-REF,EEG GA_19-REF,EEG GA_19-REF,EEG GA_19-REF,,EEG GA_19-REF,EEG GA_19-REF,EEG GA_19-REF,EEG GA_19-REF,EEG GA_19-REF,EEG GA_19-REF,EEG GA_19-REF,EEG GA_19-REF,EEG GA_19-REF,EEG GA_19-REF,EEG GA_19-REF,EEG GA_19-REF,EEG GA_19-REF,EEG GA_19-REF,,EEG GA_19-REF
EEG GA_20-REF,EEG GA_20-REF,EEG GA_20-REF,EEG GA_20-REF,EEG GA_20-REF,EEG GA_20-REF,EEG GA_20-REF,EEG GA_20-REF,EEG GA_20-REF,EEG GA_20-REF,EEG GA_20-REF,EEG GA_20-REF,EEG GA_20-REF,EEG GA_20-REF,EEG GA_20-REF,EEG GA_20-REF,EEG GA_20-REF,EEG GA_20-REF,EEG GA_20-REF,EEG GA_20-REF,EEG GA_20-REF,EEG GA_20-REF,EEG GA_20-REF,EEG GA_20-REF,EEG GA_20-REF,EEG GA_20-REF,EEG GA_20-REF,EEG GA_20-REF,,EEG GA_20-REF,EEG GA_20-REF,EEG GA_20-REF,EEG GA_20-REF,EEG GA_20-REF,EEG GA_20-REF,EEG GA_20-REF,EEG GA_20-REF,EEG GA_20-REF,EEG GA_20-REF,EEG GA_20-REF,EEG GA_20-REF,EEG GA_20-REF,EEG GA_20-REF,,EEG GA_20-REF
EEG GA_21-REF,EEG GA_21-REF,EEG GA_21-REF,EEG GA_21-REF,EEG GA_21-REF,EEG GA_21-REF,EEG GA_21-REF,EEG GA_21-REF,EEG GA_21-REF,EEG GA_21-REF,EEG GA_21-REF,EEG GA_21-REF,EEG GA_21-REF,EEG GA_21-REF,EEG GA_21-REF,EEG GA_21-REF,EEG GA_21-REF,EEG GA_21-REF,EEG GA_21-REF,EEG GA_21-REF,EEG GA_21-REF,EEG GA_21-REF,EEG GA_21-REF,EEG GA_21-REF,EEG GA_21-REF,EEG GA_21-REF,EEG GA_21-REF,EEG GA_21-REF,,EEG GA_21-REF,EEG GA_21-REF,EEG GA_21-REF,EEG GA_21-REF,EEG GA_21-REF,EEG GA_21-REF,EEG GA_21-REF,EEG GA_21-REF,EEG GA_21-REF,EEG GA_21-REF,EEG GA_21-REF,EEG GA_21-REF,EEG GA_21-REF,EEG GA_21-REF,,EEG GA_21-REF
EEG GA_22-REF,EEG GA_22-REF,EEG GA_22-REF,EEG GA_22-REF,EEG GA_22-REF,EEG GA_22-REF,EEG GA_22-REF,EEG GA_22-REF,EEG GA_22-REF,EEG GA_22-REF,EEG GA_22-REF,EEG GA_22-REF,EEG GA_22-REF,EEG GA_22-REF,EEG GA_22-REF,EEG GA_22-REF,EEG GA_22-REF,EEG GA_22-REF,EEG GA_22-REF,EEG GA_22-REF,EEG GA_22-REF,EEG GA_22-REF,EEG GA_22-REF,EEG GA_22-REF,EEG GA_22-REF,EEG GA_22-REF,EEG GA_22-REF,EEG GA_22-REF,,EEG GA_22-REF,EEG GA_22-REF,EEG GA_22-REF,EEG GA_22-REF,EEG GA_22-REF,EEG GA_22-REF,EEG GA_22-REF,EEG GA_22-REF,EEG GA_22-REF,EEG GA_22-REF,EEG GA_22-REF,EEG GA_22-REF,EEG GA_22-REF,EEG GA_22-REF,,EEG GA_22-REF
EEG GA_23-REF,EEG GA_23-REF,EEG GA_23-REF,EEG GA_23-REF,EEG GA_23-REF,EEG GA_23-REF,EEG GA_23-REF,EEG GA_23-REF,EEG GA_23-REF,EEG GA_23-REF,EEG GA_23-REF,EEG GA_23-REF,EEG GA_23-REF,EEG GA_23-REF,EEG GA_23-REF,EEG GA_23-REF,EEG GA_23-REF,EEG GA_23-REF,EEG GA_23-REF,EEG GA_23-REF,EEG GA_23-REF,EEG GA_23-REF,EEG GA_23-REF,EEG GA_23-REF,EEG GA_23-REF,EEG GA_23-REF,EEG GA_23-REF,EEG GA_23-REF,,EEG GA_23-REF,EEG GA_23-REF,EEG GA_23-REF,EEG GA_23-REF,EEG GA_23-REF,EEG GA_23-REF,EEG GA_23-REF,EEG GA_23-REF,EEG GA_23-REF,EEG GA_23-REF,EEG GA_23-REF,EEG GA_23-REF,EEG GA_23-REF,EEG GA_23-REF,,EEG GA_23-REF
EEG GA_24-REF,EEG GA_24-REF,EEG GA_24-REF,EEG GA_24-REF,EEG GA_24-REF,EEG GA_24-REF,EEG GA_24-REF,EEG GA_24-REF,EEG GA_24-REF,EEG GA_24-REF,EEG GA_24-REF,EEG GA_24-REF,EEG GA_24-REF,EEG GA_24-REF,EEG GA_24-REF,EEG GA_24-REF,EEG GA_24-REF,EEG GA_24-REF,EEG GA_24-REF,EEG GA_24-REF,EEG GA_24-REF,EEG GA_24-REF,EEG GA_24-REF,EEG GA_24-REF,EEG GA_24-REF,EEG GA_24-REF,EEG GA_24-REF,EEG GA_24-REF,,EEG GA_24-REF,EEG GA_24-REF,EEG GA_24-REF,EEG GA_24-REF,EEG GA_24-REF,EEG GA_24-REF,EEG GA_24-REF,EEG GA_24-REF,EEG GA_24-REF,EEG GA_24-REF,EEG GA_24-REF,EEG GA_24-REF,EEG GA_24-REF,EEG GA_24-REF,,EEG GA_24-REF
EEG GA_25-REF,EEG GA_25-REF,EEG GA_25-REF,EEG GA_25-REF,EEG GA_25-REF,EEG GA_25-REF,EEG GA_25-REF,EEG GA_25-REF,EEG GA_25-REF,EEG GA_25-REF,EEG GA_25-REF,EEG GA_25-REF,EEG GA_25-REF,EEG GA_25-REF,EEG GA_25-REF,EEG GA_25-REF,EEG GA_25-REF,EEG GA_25-REF,EEG GA_25-REF,EEG GA_25-REF,EEG GA_25-REF,EEG GA_25-REF,EEG GA_25-REF,EEG GA_25-REF,EEG GA_25-REF,EEG GA_25-REF,EEG GA_25-REF,EEG GA_25-REF,,EEG GA_25-REF,EEG GA_25-REF,EEG GA_25-REF,EEG GA_25-REF,EEG GA_25-REF,EEG GA_25-REF,EEG GA_25-REF,EEG GA_25-REF,EEG GA_25-REF,EEG GA_25-REF,EEG GA_25-REF,EEG GA_25-REF,EEG GA_25-REF,EEG GA_25-REF,,EEG GA_25-REF
EEG GA_26-REF,EEG GA_26-REF,EEG GA_26-REF,EEG GA_26-REF,EEG GA_26-REF,EEG GA_26-REF,EEG GA_26-REF,EEG GA_26-REF,EEG GA_26-REF,EEG GA_26-REF,EEG GA_26-REF,EEG GA_26-REF,EEG GA_26-REF,EEG GA_26-REF,EEG GA_26-REF,EEG GA_26-REF,EEG GA_26-REF,EEG GA_26-REF,EEG GA_26-REF,EEG GA_26-REF,EEG GA_26-REF,EEG GA_26-REF,EEG GA_26-REF,EEG GA_26-REF,EEG GA_26-REF,EEG GA_26-REF,EEG GA_26-REF,EEG GA_26-REF,,EEG GA_26-REF,EEG GA_26-REF,EEG GA_26-REF,EEG GA_26-REF,EEG GA_26-REF,EEG GA_26-REF,EEG GA_26-REF,EEG GA_26-REF,EEG GA_26-REF,EEG GA_26-REF,EEG GA_26-REF,EEG GA_26-REF,EEG GA_26-REF,EEG GA_26-REF,,EEG GA_26-REF
EEG GA_27-REF,EEG GA_27-REF,EEG GA_27-REF,EEG GA_27-REF,EEG GA_27-REF,EEG GA_27-REF,EEG GA_27-REF,EEG GA_27-REF,EEG GA_27-REF,EEG GA_27-REF,EEG GA_27-REF,EEG GA_27-REF,EEG GA_27-REF,EEG GA_27-REF,EEG GA_27-REF,EEG GA_27-REF,EEG GA_27-REF,EEG GA_27-REF,EEG GA_27-REF,EEG GA_27-REF,EEG GA_27-REF,EEG GA_27-REF,EEG GA_27-REF,EEG GA_27-REF,EEG GA_27-REF,EEG GA_27-REF,EEG GA_27-REF,EEG GA_27-REF,,EEG GA_27-REF,EEG GA_27-REF,EEG GA_27-REF,EEG GA_27-REF,EEG GA_27-REF,EEG GA_27-REF,EEG GA_27-REF,EEG GA_27-REF,EEG GA_27-REF,EEG GA_27-REF,EEG GA_27-REF,EEG GA_27-REF,EEG GA_27-REF,EEG GA_27-REF,,EEG GA_27-REF
EEG GA_28-REF,EEG GA_28-REF,EEG GA_28-REF,EEG GA_28-REF,EEG GA_28-REF,EEG GA_28-REF,EEG GA_28-REF,EEG GA_28-REF,EEG GA_28-REF,EEG GA_28-REF,EEG GA_28-REF,EEG GA_28-REF,EEG GA_28-REF,EEG GA_28-REF,EEG GA_28-REF,EEG GA_28-REF,EEG GA_28-REF,EEG GA_28-REF,EEG GA_28-REF,EEG GA_28-REF,EEG GA_28-REF,EEG GA_28-REF,EEG GA_28-REF,EEG GA_28-REF,EEG GA_28-REF,EEG GA_28-REF,EEG GA_28-REF,EEG GA_28-REF,,EEG GA_28-REF,EEG GA_28-REF,EEG GA_28-REF,EEG GA_28-REF,EEG GA_28-REF,EEG GA_28-REF,EEG GA_28-REF,EEG GA_28-REF,EEG GA_28-REF,EEG GA_28-REF,EEG GA_28-REF,EEG GA_28-REF,EEG GA_28-REF,EEG GA_28-REF,,EEG GA_28-REF
EEG GA_29-REF,EEG GA_29-REF,EEG GA_29-REF,EEG GA_29-REF,EEG GA_29-REF,EEG GA_29-REF,EEG GA_29-REF,EEG GA_29-REF,EEG GA_29-REF,EEG GA_29-REF,EEG GA_29-REF,EEG GA_29-REF,EEG GA_29-REF,EEG GA_29-REF,EEG GA_29-REF,EEG GA_29-REF,EEG GA_29-REF,EEG GA_29-REF,EEG GA_29-REF,EEG GA_29-REF,EEG GA_29-REF,EEG GA_29-REF,EEG GA_29-REF,EEG GA_29-REF,EEG GA_29-REF,EEG GA_29-REF,EEG GA_29-REF,EEG GA_29-REF,,EEG GA_29-REF,EEG GA_29-REF,EEG GA_29-REF,EEG GA_29-REF,EEG GA_29-REF,EEG GA_29-REF,EEG GA_29-REF,EEG GA_29-REF,EEG GA_29-REF,EEG GA_29-REF,EEG GA_29-REF,EEG GA_29-REF,EEG GA_29-REF,EEG GA_29-REF,,EEG GA_29-REF
EEG GA_30-REF,EEG GA_30-REF,EEG GA_30-REF,EEG GA_30-REF,EEG GA_30-REF,EEG GA_30-REF,EEG GA_30-REF,EEG GA_30-REF,EEG GA_30-REF,EEG GA_30-REF,EEG GA_30-REF,EEG GA_30-REF,EEG GA_30-REF,EEG GA_30-REF,EEG GA_30-REF,EEG GA_30-REF,EEG GA_30-REF,EEG GA_30-REF,EEG GA_30-REF,EEG GA_30-REF,EEG GA_30-REF,EEG GA_30-REF,EEG GA_30-REF,EEG GA_30-REF,EEG GA_30-REF,EEG GA_30-REF,EEG GA_30-REF,EEG GA_30-REF,,EEG GA_30-REF,EEG GA_30-REF,EEG GA_30-REF,EEG GA_30-REF,EEG GA_30-REF,EEG GA_30-REF,EEG GA_30-REF,EEG GA_30-REF,EEG GA_30-REF,EEG GA_30-REF,EEG GA_30-REF,EEG GA_30-REF,EEG GA_30-REF,EEG GA_30-REF,,EEG GA_30-REF
EEG GA_31-REF,EEG GA_31-REF,EEG GA_31-REF,EEG GA_31-REF,EEG GA_31-REF,EEG GA_31-REF,EEG GA_31-REF,EEG GA_31-REF,EEG GA_31-REF,EEG GA_31-REF,EEG GA_31-REF,EEG GA_31-REF,EEG GA_31-REF,EEG GA_31-REF,EEG GA_31-REF,EEG GA_31-REF,EEG GA_31-REF,EEG GA_31-REF,EEG GA_31-REF,EEG GA_31-REF,EEG GA_31-REF,EEG GA_31-REF,EEG GA_31-REF,EEG GA_31-REF,EEG GA_31-REF,EEG GA_31-REF,EEG GA_31-REF,EEG GA_31-REF,,EEG GA_31-REF,EEG GA_31-REF,EEG GA_31-REF,EEG GA_31-REF,EEG GA_31-REF,EEG GA_31-REF,EEG GA_31-REF,EEG GA_31-REF,EEG GA_31-REF,EEG GA_31-REF,EEG GA_31-REF,EEG GA_31-REF,EEG GA_31-REF,EEG GA_31-REF,,EEG GA_31-REF
EEG GA_32-REF,EEG GA_32-REF,EEG GA_32-REF,EEG GA_32-REF,EEG GA_32-REF,EEG GA_32-REF,EEG GA_32-REF,EEG GA_32-REF,EEG GA_32-REF,EEG GA_32-REF,EEG GA_32-REF,EEG GA_32-REF,EEG GA_32-REF,EEG GA_32-REF,EEG GA_32-REF,EEG GA_32-REF,EEG GA_32-REF,EEG GA_32-REF,EEG GA_32-REF,EEG GA_32-REF,EEG GA_32-REF,EEG GA_32-REF,EEG GA_32-REF,EEG GA_32-REF,EEG GA_32-REF,EEG GA_32-REF,EEG GA_32-REF,EEG GA_32-REF,,EEG GA_32-REF,EEG GA_32-REF,EEG GA_32-REF,EEG GA_32-REF,EEG GA_32-REF,EEG GA_32-REF,EEG GA_32-REF,EEG GA_32-REF,EEG GA_32-REF,EEG GA_32-REF,EEG GA_32-REF,EEG GA_32-REF,EEG GA_32-REF,EEG GA_32-REF,,EEG GA_32-REF
EEG GA_33-REF,EEG GA_33-REF,EEG GA_33-REF,EEG GA_33-REF,EEG GA_33-REF,EEG GA_33-REF,EEG GA_33-REF,EEG GA_33-REF,EEG GA_33-REF,EEG GA_33-REF,EEG GA_33-REF,EEG GA_33-REF,EEG GA_33-REF,EEG GA_33-REF,EEG GA_33-REF,EEG GA_33-REF,EEG GA_33-REF,EEG GA_33-REF,EEG GA_33-REF,EEG GA_33-REF,EEG GA_33-REF,EEG GA_33-REF,EEG GA_33-REF,EEG GA_33-REF,EEG GA_33-REF,EEG GA_33-REF,EEG GA_33-REF,EEG GA_33-REF,,EEG GA_33-REF,EEG GA_33-REF,EEG GA_33-REF,EEG GA_33-REF,EEG GA_33-REF,EEG GA_33-REF,EEG GA_33-REF,EEG GA_33-REF,EEG GA_33-REF,EEG GA_33-REF,EEG GA_33-REF,EEG GA_33-REF,EEG GA_33-REF,EEG GA_33-REF,,EEG GA_33-REF
EEG GA_34-REF,EEG GA_34-REF,EEG GA_34-REF,EEG GA_34-REF,EEG GA_34-REF,EEG GA_34-REF,EEG GA_34-REF,EEG GA_34-REF,EEG GA_34-REF,EEG GA_34-REF,EEG GA_34-REF,EEG GA_34-REF,EEG GA_34-REF,EEG GA_34-REF,EEG GA_34-REF,EEG GA_34-REF,EEG GA_34-REF,EEG GA_34-REF,EEG GA_34-REF,EEG GA_34-REF,EEG GA_34-REF,EEG GA_34-REF,EEG GA_34-REF,EEG GA_34-REF,EEG GA_34-REF,EEG GA_34-REF,EEG GA_34-REF,EEG GA_34-REF,,EEG GA_34-REF,EEG GA_34-REF,EEG GA_34-REF,EEG GA_34-REF,EEG GA_34-REF,EEG GA_34-REF,EEG GA_34-REF,EEG GA_34-REF,EEG GA_34-REF,EEG GA_34-REF,EEG GA_34-REF,EEG GA_34-REF,EEG GA_34-REF,EEG GA_34-REF,,EEG GA_34-REF
EEG GA_35-REF,EEG GA_35-REF,EEG GA_35-REF,EEG GA_35-REF,EEG GA_35-REF,EEG GA_35-REF,EEG GA_35-REF,EEG GA_35-REF,EEG GA_35-REF,EEG GA_35-REF,EEG GA_35-REF,EEG GA_35-REF,EEG GA_35-REF,EEG GA_35-REF,EEG GA_35-REF,EEG GA_35-REF,EEG GA_35-REF,EEG GA_35-REF,EEG GA_35-REF,EEG GA_35-REF,EEG GA_35-REF,EEG GA_35-REF,EEG GA_35-REF,EEG GA_35-REF,EEG GA_35-REF,EEG GA_35-REF,EEG GA_35-REF,EEG GA_35-REF,,EEG GA_35-REF,EEG GA_35-REF,EEG GA_35-REF,EEG GA_35-REF,EEG GA_35-REF,EEG GA_35-REF,EEG GA_35-REF,EEG GA_35-REF,EEG GA_35-REF,EEG GA_35-REF,EEG GA_35-REF,EEG GA_35-REF,EEG GA_35-REF,EEG GA_35-REF,,EEG GA_35-REF
EEG GA_36-REF,EEG GA_36-REF,EEG GA_36-REF,EEG GA_36-REF,EEG GA_36-REF,EEG GA_36-REF,EEG GA_36-REF,EEG GA_36-REF,EEG GA_36-REF,EEG GA_36-REF,EEG GA_36-REF,EEG GA_36-REF,EEG GA_36-REF,EEG GA_36-REF,EEG GA_36-REF,EEG GA_36-REF,EEG GA_36-REF,EEG GA_36-REF,EEG GA_36-REF,EEG GA_36-REF,EEG GA_36-REF,EEG GA_36-REF,EEG GA_36-REF,EEG GA_36-REF,EEG GA_36-REF,EEG GA_36-REF,EEG GA_36-REF,EEG GA_36-REF,,EEG GA_36-REF,EEG GA_36-REF,EEG GA_36-REF,EEG GA_36-REF,EEG GA_36-REF,EEG GA_36-REF,EEG GA_36-REF,EEG GA_36-REF,EEG GA_36-REF,EEG GA_36-REF,EEG GA_36-REF,EEG GA_36-REF,EEG GA_36-REF,EEG GA_36-REF,,EEG GA_36-REF
EEG GA_37-REF,EEG GA_37-REF,EEG GA_37-REF,EEG GA_37-REF,EEG GA_37-REF,EEG GA_37-REF,EEG GA_37-REF,EEG GA_37-REF,EEG GA_37-REF,EEG GA_37-REF,EEG GA_37-REF,EEG GA_37-REF,EEG GA_37-REF,EEG GA_37-REF,EEG GA_37-REF,EEG GA_37-REF,EEG GA_37-REF,EEG GA_37-REF,EEG GA_37-REF,EEG GA_37-REF,EEG GA_37-REF,EEG GA_37-REF,EEG GA_37-REF,EEG GA_37-REF,EEG GA_37-REF,EEG GA_37-REF,EEG GA_37-REF,EEG GA_37-REF,,EEG GA_37-REF,EEG GA_37-REF,EEG GA_37-REF,EEG GA_37-REF,EEG GA_37-REF,EEG GA_37-REF,EEG GA_37-REF,EEG GA_37-REF,EEG GA_37-REF,EEG GA_37-REF,EEG GA_37-REF,EEG GA_37-REF,EEG GA_37-REF,EEG GA_37-REF,,EEG GA_37-REF
EEG GA_38-REF,EEG GA_38-REF,EEG GA_38-REF,EEG GA_38-REF,EEG GA_38-REF,EEG GA_38-REF,EEG GA_38-REF,EEG GA_38-REF,EEG GA_38-REF,EEG GA_38-REF,EEG GA_38-REF,EEG GA_38-REF,EEG GA_38-REF,EEG GA_38-REF,EEG GA_38-REF,EEG GA_38-REF,EEG GA_38-REF,EEG GA_38-REF,EEG GA_38-REF,EEG GA_38-REF,EEG GA_38-REF,EEG GA_38-REF,EEG GA_38-REF,EEG GA_38-REF,EEG GA_38-REF,EEG GA_38-REF,EEG GA_38-REF,EEG GA_38-REF,,EEG GA_38-REF,EEG GA_38-REF,EEG GA_38-REF,EEG GA_38-REF,EEG GA_38-REF,EEG GA_38-REF,EEG GA_38-REF,EEG GA_38-REF,EEG GA_38-REF,EEG GA_38-REF,EEG GA_38-REF,EEG GA_38-REF,EEG GA_38-REF,EEG GA_38-REF,,EEG GA_38-REF
EEG GA_39-REF,EEG GA_39-REF,EEG GA_39-REF,EEG GA_39-REF,EEG GA_39-REF,EEG GA_39-REF,EEG GA_39-REF,EEG GA_39-REF,EEG GA_39-REF,EEG GA_39-REF,EEG GA_39-REF,EEG GA_39-REF,EEG GA_39-REF,EEG GA_39-REF,EEG GA_39-REF,EEG GA_39-REF,EEG GA_39-REF,EEG GA_39-REF,EEG GA_39-REF,EEG GA_39-REF,EEG GA_39-REF,EEG GA_39-REF,EEG GA_39-REF,EEG GA_39-REF,EEG GA_39-REF,EEG GA_39-REF,EEG GA_39-REF,EEG GA_39-REF,,EEG GA_39-REF,EEG GA_39-REF,EEG GA_39-REF,EEG GA_39-REF,EEG GA_39-REF,EEG GA_39-REF,EEG GA_39-REF,EEG GA_39-REF,EEG GA_39-REF,EEG GA_39-REF,EEG GA_39-REF,EEG GA_39-REF,EEG GA_39-REF,EEG GA_39-REF,,EEG GA_39-REF
EEG GA_40-REF,EEG GA_40-REF,EEG GA_40-REF,EEG GA_40-REF,EEG GA_40-REF,EEG GA_40-REF,EEG GA_40-REF,EEG GA_40-REF,EEG GA_40-REF,EEG GA_40-REF,EEG GA_40-REF,EEG GA_40-REF,EEG GA_40-REF,EEG GA_40-REF,EEG GA_40-REF,EEG GA_40-REF,EEG GA_40-REF,EEG GA_40-REF,EEG GA_40-REF,EEG GA_40-REF,EEG GA_40-REF,EEG GA_40-REF,EEG GA_40-REF,EEG GA_40-REF,EEG GA_40-REF,EEG GA_40-REF,EEG GA_40-REF,EEG GA_40-REF,,EEG GA_40-REF,EEG GA_40-REF,EEG GA_40-REF,EEG GA_40-REF,EEG GA_40-REF,EEG GA_40-REF,EEG GA_40-REF,EEG GA_40-REF,EEG GA_40-REF,EEG GA_40-REF,EEG GA_40-REF,EEG GA_40-REF,EEG GA_40-REF,EEG GA_40-REF,,EEG GA_40-REF
EEG GA_41-REF,EEG GA_41-REF,EEG GA_41-REF,EEG GA_41-REF,EEG GA_41-REF,EEG GA_41-REF,EEG GA_41-REF,EEG GA_41-REF,EEG GA_41-REF,EEG GA_41-REF,EEG GA_41-REF,EEG GA_41-REF,EEG GA_41-REF,EEG GA_41-REF,EEG GA_41-REF,EEG GA_41-REF,EEG GA_41-REF,EEG GA_41-REF,EEG GA_41-REF,EEG GA_41-REF,EEG GA_41-REF,EEG GA_41-REF,EEG GA_41-REF,EEG GA_41-REF,EEG GA_41-REF,EEG GA_41-REF,EEG GA_41-REF,EEG GA_41-REF,,EEG GA_41-REF,EEG GA_41-REF,EEG GA_41-REF,EEG GA_41-REF,EEG GA_41-REF,EEG GA_41-REF,EEG GA_41-REF,EEG GA_41-REF,EEG GA_41-REF,EEG GA_41-REF,EEG GA_41-REF,EEG GA_41-REF,EEG GA_41-REF,EEG GA_41-REF,,EEG GA_41-REF
EEG GA_42-REF,EEG GA_42-REF,EEG GA_42-REF,EEG GA_42-REF,EEG GA_42-REF,EEG GA_42-REF,EEG GA_42-REF,EEG GA_42-REF,EEG GA_42-REF,EEG GA_42-REF,EEG GA_42-REF,EEG GA_42-REF,EEG GA_42-REF,EEG GA_42-REF,EEG GA_42-REF,EEG GA_42-REF,EEG GA_42-REF,EEG GA_42-REF,EEG GA_42-REF,EEG GA_42-REF,EEG GA_42-REF,EEG GA_42-REF,EEG GA_42-REF,EEG GA_42-REF,EEG GA_42-REF,EEG GA_42-REF,EEG GA_42-REF,EEG GA_42-REF,,EEG GA_42-REF,EEG GA_42-REF,EEG GA_42-REF,EEG GA_42-REF,EEG GA_42-REF,EEG GA_42-REF,EEG GA_42-REF,EEG GA_42-REF,EEG GA_42-REF,EEG GA_42-REF,EEG GA_42-REF,EEG GA_42-REF,EEG GA_42-REF,EEG GA_42-REF,,EEG GA_42-REF
EEG GA_43-REF,EEG GA_43-REF,EEG GA_43-REF,EEG GA_43-REF,EEG GA_43-REF,EEG GA_43-REF,EEG GA_43-REF,EEG GA_43-REF,EEG GA_43-REF,EEG GA_43-REF,EEG GA_43-REF,EEG GA_43-REF,EEG GA_43-REF,EEG GA_43-REF,EEG GA_43-REF,EEG GA_43-REF,EEG GA_43-REF,EEG GA_43-REF,EEG GA_43-REF,EEG GA_43-REF,EEG GA_43-REF,EEG GA_43-REF,EEG GA_43-REF,EEG GA_43-REF,EEG GA_43-REF,EEG GA_43-REF,EEG GA_43-REF,EEG GA_43-REF,,EEG GA_43-REF,EEG GA_43-REF,EEG GA_43-REF,EEG GA_43-REF,EEG GA_43-REF,EEG GA_43-REF,EEG GA_43-REF,EEG GA_43-REF,EEG GA_43-REF,EEG GA_43-REF,EEG GA_43-REF,EEG GA_43-REF,EEG GA_43-REF,EEG GA_43-REF,,EEG GA_43-REF
EEG GA_44-REF,EEG GA_44-REF,EEG GA_44-REF,EEG GA_44-REF,EEG GA_44-REF,EEG GA_44-REF,EEG GA_44-REF,EEG GA_44-REF,EEG GA_44-REF,EEG GA_44-REF,EEG GA_44-REF,EEG GA_44-REF,EEG GA_44-REF,EEG GA_44-REF,EEG GA_44-REF,EEG GA_44-REF,EEG GA_44-REF,EEG GA_44-REF,EEG GA_44-REF,EEG GA_44-REF,EEG GA_44-REF,EEG GA_44-REF,EEG GA_44-REF,EEG GA_44-REF,EEG GA_44-REF,EEG GA_44-REF,EEG GA_44-REF,EEG GA_44-REF,,EEG GA_44-REF,EEG GA_44-REF,EEG GA_44-REF,EEG GA_44-REF,EEG GA_44-REF,EEG GA_44-REF,EEG GA_44-REF,EEG GA_44-REF,EEG GA_44-REF,EEG GA_44-REF,EEG GA_44-REF,EEG GA_44-REF,EEG GA_44-REF,EEG GA_44-REF,,EEG GA_44-REF
EEG GA_45-REF,EEG GA_45-REF,EEG GA_45-REF,EEG GA_45-REF,EEG GA_45-REF,EEG GA_45-REF,EEG GA_45-REF,EEG GA_45-REF,EEG GA_45-REF,EEG GA_45-REF,EEG GA_45-REF,EEG GA_45-REF,EEG GA_45-REF,EEG GA_45-REF,EEG GA_45-REF,EEG GA_45-REF,EEG GA_45-REF,EEG GA_45-REF,EEG GA_45-REF,EEG GA_45-REF,EEG GA_45-REF,EEG GA_45-REF,EEG GA_45-REF,EEG GA_45-REF,EEG GA_45-REF,EEG GA_45-REF,EEG GA_45-REF,EEG GA_45-REF,,EEG GA_45-REF,EEG GA_45-REF,EEG GA_45-REF,EEG GA_45-REF,EEG GA_45-REF,EEG GA_45-REF,EEG GA_45-REF,EEG GA_45-REF,EEG GA_45-REF,EEG GA_45-REF,EEG GA_45-REF,EEG GA_45-REF,EEG GA_45-REF,EEG GA_45-REF,,EEG GA_45-REF
EEG GA_46-REF,EEG GA_46-REF,EEG GA_46-REF,EEG GA_46-REF,EEG GA_46-REF,EEG GA_46-REF,EEG GA_46-REF,EEG GA_46-REF,EEG GA_46-REF,EEG GA_46-REF,EEG GA_46-REF,EEG GA_46-REF,EEG GA_46-REF,EEG GA_46-REF,EEG GA_46-REF,EEG GA_46-REF,EEG GA_46-REF,EEG GA_46-REF,EEG GA_46-REF,EEG GA_46-REF,EEG GA_46-REF,EEG GA_46-REF,EEG GA_46-REF,EEG GA_46-REF,EEG GA_46-REF,EEG GA_46-REF,EEG GA_46-REF,EEG GA_46-REF,,EEG GA_46-REF,EEG GA_46-REF,EEG GA_46-REF,EEG GA_46-REF,EEG GA_46-REF,EEG GA_46-REF,EEG GA_46-REF,EEG GA_46-REF,EEG GA_46-REF,EEG GA_46-REF,EEG GA_46-REF,EEG GA_46-REF,EEG GA_46-REF,EEG GA_46-REF,,EEG GA_46-REF
EEG GA_47-REF,EEG GA_47-REF,EEG GA_47-REF,EEG GA_47-REF,EEG GA_47-REF,EEG GA_47-REF,EEG GA_47-REF,EEG GA_47-REF,EEG GA_47-REF,EEG GA_47-REF,EEG GA_47-REF,EEG GA_47-REF,EEG GA_47-REF,EEG GA_47-REF,EEG GA_47-REF,EEG GA_47-REF,EEG GA_47-REF,EEG GA_47-REF,EEG GA_47-REF,EEG GA_47-REF,EEG GA_47-REF,EEG GA_47-REF,EEG GA_47-REF,EEG GA_47-REF,EEG GA_47-REF,EEG GA_47-REF,EEG GA_47-REF,EEG GA_47-REF,,EEG GA_47-REF,EEG GA_47-REF,EEG GA_47-REF,EEG GA_47-REF,EEG GA_47-REF,EEG GA_47-REF,EEG GA_47-REF,EEG GA_47-REF,EEG GA_47-REF,EEG GA_47-REF,EEG GA_47-REF,EEG GA_47-REF,EEG GA_47-REF,EEG GA_47-REF,,EEG GA_47-REF
EEG GA_48-REF,EEG GA_48-REF,EEG GA_48-REF,EEG GA_48-REF,EEG GA_48-REF,EEG GA_48-REF,EEG GA_48-REF,EEG GA_48-REF,EEG GA_48-REF,EEG GA_48-REF,EEG GA_48-REF,EEG GA_48-REF,EEG GA_48-REF,EEG GA_48-REF,EEG GA_48-REF,EEG GA_48-REF,EEG GA_48-REF,EEG GA_48-REF,EEG GA_48-REF,EEG GA_48-REF,EEG GA_48-REF,EEG GA_48-REF,EEG GA_48-REF,EEG GA_48-REF,EEG GA_48-REF,EEG GA_48-REF,EEG GA_48-REF,EEG GA_48-REF,,EEG GA_48-REF,EEG GA_48-REF,EEG GA_48-REF,EEG GA_48-REF,EEG GA_48-REF,EEG GA_48-REF,EEG GA_48-REF,EEG GA_48-REF,EEG GA_48-REF,EEG GA_48-REF,EEG GA_48-REF,EEG GA_48-REF,EEG GA_48-REF,EEG GA_48-REF,,EEG GA_48-REF
EEG GB_01-REF,EEG GB_01-REF,EEG GB_01-REF,EEG GB_01-REF,EEG GB_01-REF,EEG GB_01-REF,EEG GB_01-REF,EEG GB_01-REF,EEG GB_01-REF,EEG GB_01-REF,EEG GB_01-REF,EEG GB_01-REF,EEG GB_01-REF,EEG GB_01-REF,EEG GB_01-REF,EEG GB_01-REF,EEG GB_01-REF,EEG GB_01-REF,EEG GB_01-REF,EEG GB_01-REF,EEG GB_01-REF,EEG GB_01-REF,EEG GB_01-REF,EEG GB_01-REF,EEG GB_01-REF,EEG GB_01-REF,EEG GB_01-REF,EEG GB_01-REF,,EEG GB_01-REF,EEG GB_01-REF,EEG GB_01-REF,EEG GB_01-REF,EEG GB_01-REF,EEG GB_01-REF,EEG GB_01-REF,EEG GB_01-REF,EEG GB_01-REF,EEG GB_01-REF,EEG GB_01-REF,EEG GB_01-REF,EEG GB_01-REF,EEG GB_01-REF,,EEG GB_01-REF
EEG GB_02-REF,EEG GB_02-REF,EEG GB_02-REF,EEG GB_02-REF,EEG GB_02-REF,EEG GB_02-REF,EEG GB_02-REF,EEG GB_02-REF,EEG GB_02-REF,EEG GB_02-REF,EEG GB_02-REF,EEG GB_02-REF,EEG GB_02-REF,EEG GB_02-REF,EEG GB_02-REF,EEG GB_02-REF,EEG GB_02-REF,EEG GB_02-REF,EEG GB_02-REF,EEG GB_02-REF,EEG GB_02-REF,EEG GB_02-REF,EEG GB_02-REF,EEG GB_02-REF,EEG GB_02-REF,EEG GB_02-REF,EEG GB_02-REF,EEG GB_02-REF,,EEG GB_02-REF,EEG GB_02-REF,EEG GB_02-REF,EEG GB_02-REF,EEG GB_02-REF,EEG GB_02-REF,EEG GB_02-REF,EEG GB_02-REF,EEG GB_02-REF,EEG GB_02-REF,EEG GB_02-REF,EEG GB_02-REF,EEG GB_02-REF,EEG GB_02-REF,,EEG GB_02-REF
EEG GB_03-REF,EEG GB_03-REF,EEG GB_03-REF,EEG GB_03-REF,EEG GB_03-REF,EEG GB_03-REF,EEG GB_03-REF,EEG GB_03-REF,EEG GB_03-REF,EEG GB_03-REF,EEG GB_03-REF,EEG GB_03-REF,EEG GB_03-REF,EEG GB_03-REF,EEG GB_03-REF,EEG GB_03-REF,EEG GB_03-REF,EEG GB_03-REF,EEG GB_03-REF,EEG GB_03-REF,EEG GB_03-REF,EEG GB_03-REF,EEG GB_03-REF,EEG GB_03-REF,EEG GB_03-REF,EEG GB_03-REF,EEG GB_03-REF,EEG GB_03-REF,,EEG GB_03-REF,EEG GB_03-REF,EEG GB_03-REF,EEG GB_03-REF,EEG GB_03-REF,EEG GB_03-REF,EEG GB_03-REF,EEG GB_03-REF,EEG GB_03-REF,EEG GB_03-REF,EEG GB_03-REF,EEG GB_03-REF,EEG GB_03-REF,EEG GB_03-REF,,EEG GB_03-REF
EEG GB_04-REF,EEG GB_04-REF,EEG GB_04-REF,EEG GB_04-REF,EEG GB_04-REF,EEG GB_04-REF,EEG GB_04-REF,EEG GB_04-REF,EEG GB_04-REF,EEG GB_04-REF,EEG GB_04-REF,EEG GB_04-REF,EEG GB_04-REF,EEG GB_04-REF,EEG GB_04-REF,EEG GB_04-REF,EEG GB_04-REF,EEG GB_04-REF,EEG GB_04-REF,EEG GB_04-REF,EEG GB_04-REF,EEG GB_04-REF,EEG GB_04-REF,EEG GB_04-REF,EEG GB_04-REF,EEG GB_04-REF,EEG GB_04-REF,EEG GB_04-REF,,EEG GB_04-REF,EEG GB_04-REF,EEG GB_04-REF,EEG GB_04-REF,EEG GB_04-REF,EEG GB_04-REF,EEG GB_04-REF,EEG GB_04-REF,EEG GB_04-REF,EEG GB_04-REF,EEG GB_04-REF,EEG GB_04-REF,EEG GB_04-REF,EEG GB_04-REF,,EEG GB_04-REF
EEG GB_05-REF,EEG GB_05-REF,EEG GB_05-REF,EEG GB_05-REF,EEG GB_05-REF,EEG GB_05-REF,EEG GB_05-REF,EEG GB_05-REF,EEG GB_05-REF,EEG GB_05-REF,EEG GB_05-REF,EEG GB_05-REF,EEG GB_05-REF,EEG GB_05-REF,EEG GB_05-REF,EEG GB_05-REF,EEG GB_05-REF,EEG GB_05-REF,EEG GB_05-REF,EEG GB_05-REF,EEG GB_05-REF,EEG GB_05-REF,EEG GB_05-REF,EEG GB_05-REF,EEG GB_05-REF,EEG GB_05-REF,EEG GB_05-REF,EEG GB_05-REF,,EEG GB_05-REF,EEG GB_05-REF,EEG GB_05-REF,EEG GB_05-REF,EEG GB_05-REF,EEG GB_05-REF,EEG GB_05-REF,EEG GB_05-REF,EEG GB_05-REF,EEG GB_05-REF,EEG GB_05-REF,EEG GB_05-REF,EEG GB_05-REF,EEG GB_05-REF,,EEG GB_05-REF
EEG GB_06-REF,EEG GB_06-REF,EEG GB_06-REF,EEG GB_06-REF,EEG GB_06-REF,EEG GB_06-REF,EEG GB_06-REF,EEG GB_06-REF,EEG GB_06-REF,EEG GB_06-REF,EEG GB_06-REF,EEG GB_06-REF,EEG GB_06-REF,EEG GB_06-REF,EEG GB_06-REF,EEG GB_06-REF,EEG GB_06-REF,EEG GB_06-REF,EEG GB_06-REF,EEG GB_06-REF,EEG GB_06-REF,EEG GB_06-REF,EEG GB_06-REF,EEG GB_06-REF,EEG GB_06-REF,EEG GB_06-REF,EEG GB_06-REF,EEG GB_06-REF,,EEG GB_06-REF,EEG GB_06-REF,EEG GB_06-REF,EEG GB_06-REF,EEG GB_06-REF,EEG GB_06-REF,EEG GB_06-REF,EEG GB_06-REF,EEG GB_06-REF,EEG GB_06-REF,EEG GB_06-REF,EEG GB_06-REF,EEG GB_06-REF,EEG GB_06-REF,,EEG GB_06-REF
EEG GB_07-REF,EEG GB_07-REF,EEG GB_07-REF,EEG GB_07-REF,EEG GB_07-REF,EEG GB_07-REF,EEG GB_07-REF,EEG GB_07-REF,EEG GB_07-REF,EEG GB_07-REF,EEG GB_07-REF,EEG GB_07-REF,EEG GB_07-REF,EEG GB_07-REF,EEG GB_07-REF,EEG GB_07-REF,EEG GB_07-REF,EEG GB_07-REF,EEG GB_07-REF,EEG GB_07-REF,EEG GB_07-REF,EEG GB_07-REF,EEG GB_07-REF,EEG GB_07-REF,EEG GB_07-REF,EEG GB_07-REF,EEG GB_07-REF,EEG GB_07-REF,,EEG GB_07-REF,EEG GB_07-REF,EEG GB_07-REF,EEG GB_07-REF,EEG GB_07-REF,EEG GB_07-REF,EEG GB_07-REF,EEG GB_07-REF,EEG GB_07-REF,EEG GB_07-REF,EEG GB_07-REF,EEG GB_07-REF,EEG GB_07-REF,EEG GB_07-REF,,EEG GB_07-REF
EEG GB_08-REF,EEG GB_08-REF,EEG GB_08-REF,EEG GB_08-REF,EEG GB_08-REF,EEG GB_08-REF,EEG GB_08-REF,EEG GB_08-REF,EEG GB_08-REF,EEG GB_08-REF,EEG GB_08-REF,EEG GB_08-REF,EEG GB_08-REF,EEG GB_08-REF,EEG GB_08-REF,EEG GB_08-REF,EEG GB_08-REF,EEG GB_08-REF,EEG GB_08-REF,EEG GB_08-REF,EEG GB_08-REF,EEG GB_08-REF,EEG GB_08-REF,EEG GB_08-REF,EEG GB_08-REF,EEG GB_08-REF,EEG GB_08-REF,EEG GB_08-REF,,EEG GB_08-REF,EEG GB_08-REF,EEG GB_08-REF,EEG GB_08-REF,EEG GB_08-REF,EEG GB_08-REF,EEG GB_08-REF,EEG GB_08-REF,EEG GB_08-REF,EEG GB_08-REF,EEG GB_08-REF,EEG GB_08-REF,EEG GB_08-REF,EEG GB_08-REF,,EEG GB_08-REF
EEG GB_11-REF,EEG GB_11-REF,EEG GB_11-REF,EEG GB_11-REF,EEG GB_11-REF,EEG GB_11-REF,EEG GB_11-REF,EEG GB_11-REF,EEG GB_11-REF,EEG GB_11-REF,EEG GB_11-REF,EEG GB_11-REF,EEG GB_11-REF,EEG GB_11-REF,EEG GB_11-REF,EEG GB_11-REF,EEG GB_11-REF,EEG GB_11-REF,EEG GB_11-REF,EEG GB_11-REF,EEG GB_11-REF,EEG GB_11-REF,EEG GB_11-REF,EEG GB_11-REF,EEG GB_11-REF,EEG GB_11-REF,EEG GB_11-REF,EEG GB_11-REF,,EEG GB_11-REF,EEG GB_11-REF,EEG GB_11-REF,EEG GB_11-REF,EEG GB_11-REF,EEG GB_11-REF,EEG GB_11-REF,EEG GB_11-REF,EEG GB_11-REF,EEG GB_11-REF,EEG GB_11-REF,EEG GB_11-REF,EEG GB_11-REF,EEG GB_11-REF,,EEG GB_11-REF
EEG GB_12-REF,EEG GB_12-REF,EEG GB_12-REF,EEG GB_12-REF,EEG GB_12-REF,EEG GB_12-REF,EEG GB_12-REF,EEG GB_12-REF,EEG GB_12-REF,EEG GB_12-REF,EEG GB_12-REF,EEG GB_12-REF,EEG GB_12-REF,EEG GB_12-REF,EEG GB_12-REF,EEG GB_12-REF,EEG GB_12-REF,EEG GB_12-REF,EEG GB_12-REF,EEG GB_12-REF,EEG GB_12-REF,EEG GB_12-REF,EEG GB_12-REF,EEG GB_12-REF,EEG GB_12-REF,EEG GB_12-REF,EEG GB_12-REF,EEG GB_12-REF,,EEG GB_12-REF,EEG GB_12-REF,EEG GB_12-REF,EEG GB_12-REF,EEG GB_12-REF,EEG GB_12-REF,EEG GB_12-REF,EEG GB_12-REF,EEG GB_12-REF,EEG GB_12-REF,EEG GB_12-REF,EEG GB_12-REF,EEG GB_12-REF,EEG GB_12-REF,,EEG GB_12-REF
EEG GB_13-REF,EEG GB_13-REF,EEG GB_13-REF,EEG GB_13-REF,EEG GB_13-REF,EEG GB_13-REF,EEG GB_13-REF,EEG GB_13-REF,EEG GB_13-REF,EEG GB_13-REF,EEG GB_13-REF,EEG GB_13-REF,EEG GB_13-REF,EEG GB_13-REF,EEG GB_13-REF,EEG GB_13-REF,EEG GB_13-REF,EEG GB_13-REF,EEG GB_13-REF,EEG GB_13-REF,EEG GB_13-REF,EEG GB_13-REF,EEG GB_13-REF,EEG GB_13-REF,EEG GB_13-REF,EEG GB_13-REF,EEG GB_13-REF,EEG GB_13-REF,,EEG GB_13-REF,EEG GB_13-REF,EEG GB_13-REF,EEG GB_13-REF,EEG GB_13-REF,EEG GB_13-REF,EEG GB_13-REF,EEG GB_13-REF,EEG GB_13-REF,EEG GB_13-REF,EEG GB_13-REF,EEG GB_13-REF,EEG GB_13-REF,EEG GB_13-REF,,EEG GB_13-REF
EEG GB_14-REF,EEG GB_14-REF,EEG GB_14-REF,EEG GB_14-REF,EEG GB_14-REF,EEG GB_14-REF,EEG GB_14-REF,EEG GB_14-REF,EEG GB_14-REF,EEG GB_14-REF,EEG GB_14-REF,EEG GB_14-REF,EEG GB_14-REF,EEG GB_14-REF,EEG GB_14-REF,EEG GB_14-REF,EEG GB_14-REF,EEG GB_14-REF,EEG GB_14-REF,EEG GB_14-REF,EEG GB_14-REF,EEG GB_14-REF,EEG GB_14-REF,EEG GB_14-REF,EEG GB_14-REF,EEG GB_14-REF,EEG GB_14-REF,EEG GB_14-REF,,EEG GB_14-REF,EEG GB_14-REF,EEG GB_14-REF,EEG GB_14-REF,EEG GB_14-REF,EEG GB_14-REF,EEG GB_14-REF,EEG GB_14-REF,EEG GB_14-REF,EEG GB_14-REF,EEG GB_14-REF,EEG GB_14-REF,EEG GB_14-REF,EEG GB_14-REF,,EEG GB_14-REF
EEG GB_15-REF,EEG GB_15-REF,EEG GB_15-REF,EEG GB_15-REF,EEG GB_15-REF,EEG GB_15-REF,EEG GB_15-REF,EEG GB_15-REF,EEG GB_15-REF,EEG GB_15-REF,EEG GB_15-REF,EEG GB_15-REF,EEG GB_15-REF,EEG GB_15-REF,EEG GB_15-REF,EEG GB_15-REF,EEG GB_15-REF,EEG GB_15-REF,EEG GB_15-REF,EEG GB_15-REF,EEG GB_15-REF,EEG GB_15-REF,EEG GB_15-REF,EEG GB_15-REF,EEG GB_15-REF,EEG GB_15-REF,EEG GB_15-REF,EEG GB_15-REF,,EEG GB_15-REF,EEG GB_15-REF,EEG GB_15-REF,EEG GB_15-REF,EEG GB_15-REF,EEG GB_15-REF,EEG GB_15-REF,EEG GB_15-REF,EEG GB_15-REF,EEG GB_15-REF,EEG GB_15-REF,EEG GB_15-REF,EEG GB_15-REF,EEG GB_15-REF,,EEG GB_15-REF
EEG GB_16-REF,EEG GB_16-REF,EEG GB_16-REF,EEG GB_16-REF,EEG GB_16-REF,EEG GB_16-REF,EEG GB_16-REF,EEG GB_16-REF,EEG GB_16-REF,EEG GB_16-REF,EEG GB_16-REF,EEG GB_16-REF,EEG GB_16-REF,EEG GB_16-REF,EEG GB_16-REF,EEG GB_16-REF,EEG GB_16-REF,EEG GB_16-REF,EEG GB_16-REF,EEG GB_16-REF,EEG GB_16-REF,EEG GB_16-REF,EEG GB_16-REF,EEG GB_16-REF,EEG GB_16-REF,EEG GB_16-REF,EEG GB_16-REF,EEG GB_16-REF,,EEG GB_16-REF,EEG GB_16-REF,EEG GB_16-REF,EEG GB_16-REF,EEG GB_16-REF,EEG GB_16-REF,EEG GB_16-REF,EEG GB_16-REF,EEG GB_16-REF,EEG GB_16-REF,EEG GB_16-REF,EEG GB_16-REF,EEG GB_16-REF,EEG GB_16-REF,,EEG GB_16-REF
EEG SC_01-REF,EEG SC_01-REF,EEG SC_01-REF,EEG SC_01-REF,EEG SC_01-REF,EEG SC_01-REF,EEG SC_01-REF,EEG SC_01-REF,EEG SC_01-REF,EEG SC_01-REF,EEG SC_01-REF,EEG SC_01-REF,EEG SC_01-REF,EEG SC_01-REF,EEG SC_01-REF,EEG SC_01-REF,EEG SC_01-REF,EEG SC_01-REF,EEG SC_01-REF,EEG SC_01-REF,EEG SC_01-REF,EEG SC_01-REF,EEG SC_01-REF,EEG SC_01-REF,EEG SC_01-REF,EEG SC_01-REF,EEG SC_01-REF,EEG SC_01-REF,,EEG SC_01-REF,EEG SC_01-REF,EEG SC_01-REF,EEG SC_01-REF,EEG SC_01-REF,EEG SC_01-REF,EEG SC_01-REF,EEG SC_01-REF,EEG SC_01-REF,EEG SC_01-REF,EEG SC_01-REF,EEG SC_01-REF,EEG SC_01-REF,EEG SC_01-REF,,EEG SC_01-REF
EEG SC_02-REF,EEG SC_02-REF,EEG SC_02-REF,EEG SC_02-REF,EEG SC_02-REF,EEG SC_02-REF,EEG SC_02-REF,EEG SC_02-REF,EEG SC_02-REF,EEG SC_02-REF,EEG SC_02-REF,EEG SC_02-REF,EEG SC_02-REF,EEG SC_02-REF,EEG SC_02-REF,EEG SC_02-REF,EEG SC_02-REF,EEG SC_02-REF,EEG SC_02-REF,EEG SC_02-REF,EEG SC_02-REF,EEG SC_02-REF,EEG SC_02-REF,EEG SC_02-REF,EEG SC_02-REF,EEG SC_02-REF,EEG SC_02-REF,EEG SC_02-REF,,EEG SC_02-REF,EEG SC_02-REF,EEG SC_02-REF,EEG SC_02-REF,EEG SC_02-REF,EEG SC_02-REF,EEG SC_02-REF,EEG SC_02-REF,EEG SC_02-REF,EEG SC_02-REF,EEG SC_02-REF,EEG SC_02-REF,EEG SC_02-REF,EEG SC_02-REF,,EEG SC_02-REF
EEG SC_03-REF,EEG SC_03-REF,EEG SC_03-REF,EEG SC_03-REF,EEG SC_03-REF,EEG SC_03-REF,EEG SC_03-REF,EEG SC_03-REF,EEG SC_03-REF,EEG SC_03-REF,EEG SC_03-REF,EEG SC_03-REF,EEG SC_03-REF,EEG SC_03-REF,EEG SC_03-REF,EEG SC_03-REF,EEG SC_03-REF,EEG SC_03-REF,EEG SC_03-REF,EEG SC_03-REF,EEG SC_03-REF,EEG SC_03-REF,EEG SC_03-REF,EEG SC_03-REF,EEG SC_03-REF,EEG SC_03-REF,EEG SC_03-REF,EEG SC_03-REF,,EEG SC_03-REF,EEG SC_03-REF,EEG SC_03-REF,EEG SC_03-REF,EEG SC_03-REF,EEG SC_03-REF,EEG SC_03-REF,EEG SC_03-REF,EEG SC_03-REF,EEG SC_03-REF,EEG SC_03-REF,EEG SC_03-REF,EEG SC_03-REF,EEG SC_03-REF,,EEG SC_03-REF
EEG SC_04-REF,EEG SC_04-REF,EEG SC_04-REF,EEG SC_04-REF,EEG SC_04-REF,EEG SC_04-REF,EEG SC_04-REF,EEG SC_04-REF,EEG SC_04-REF,EEG SC_04-REF,EEG SC_04-REF,EEG SC_04-REF,EEG SC_04-REF,EEG SC_04-REF,EEG SC_04-REF,EEG SC_04-REF,EEG SC_04-REF,EEG SC_04-REF,EEG SC_04-REF,EEG SC_04-REF,EEG SC_04-REF,EEG SC_04-REF,EEG SC_04-REF,EEG SC_04-REF,EEG SC_04-REF,EEG SC_04-REF,EEG SC_04-REF,EEG SC_04-REF,,EEG SC_04-REF,EEG SC_04-REF,EEG SC_04-REF,EEG SC_04-REF,EEG SC_04-REF,EEG SC_04-REF,EEG SC_04-REF,EEG SC_04-REF,EEG SC_04-REF,EEG SC_04-REF,EEG SC_04-REF,EEG SC_04-REF,EEG SC_04-REF,EEG SC_04-REF,,EEG SC_04-REF
EEG SC_05-REF,EEG SC_05-REF,EEG SC_05-REF,EEG SC_05-REF,EEG SC_05-REF,EEG SC_05-REF,EEG SC_05-REF,EEG SC_05-REF,EEG SC_05-REF,EEG SC_05-REF,EEG SC_05-REF,EEG SC_05-REF,EEG SC_05-REF,EEG SC_05-REF,EEG SC_05-REF,EEG SC_05-REF,EEG SC_05-REF,EEG SC_05-REF,EEG SC_05-REF,EEG SC_05-REF,EEG SC_05-REF,EEG SC_05-REF,EEG SC_05-REF,EEG SC_05-REF,EEG SC_05-REF,EEG SC_05-REF,EEG SC_05-REF,EEG SC_05-REF,,EEG SC_05-REF,EEG SC_05-REF,EEG SC_05-REF,EEG SC_05-REF,EEG SC_05-REF,EEG SC_05-REF,EEG SC_05-REF,EEG SC_05-REF,EEG SC_05-REF,EEG SC_05-REF,EEG SC_05-REF,EEG SC_05-REF,EEG SC_05-REF,EEG SC_05-REF,,EEG SC_05-REF
EEG SC_06-REF,EEG SC_06-REF,EEG SC_06-REF,EEG SC_06-REF,EEG SC_06-REF,EEG SC_06-REF,EEG SC_06-REF,EEG SC_06-REF,EEG SC_06-REF,EEG SC_06-REF,EEG SC_06-REF,EEG SC_06-REF,EEG SC_06-REF,EEG SC_06-REF,EEG SC_06-REF,EEG SC_06-REF,EEG SC_06-REF,EEG SC_06-REF,EEG SC_06-REF,EEG SC_06-REF,EEG SC_06-REF,EEG SC_06-REF,EEG SC_06-REF,EEG SC_06-REF,EEG SC_06-REF,EEG SC_06-REF,EEG SC_06-REF,EEG SC_06-REF,,EEG SC_06-REF,EEG SC_06-REF,EEG SC_06-REF,EEG SC_06-REF,EEG SC_06-REF,EEG SC_06-REF,EEG SC_06-REF,EEG SC_06-REF,EEG SC_06-REF,EEG SC_06-REF,EEG SC_06-REF,EEG SC_06-REF,EEG SC_06-REF,EEG SC_06-REF,,EEG SC_06-REF
EEG SD_03-REF,EEG SD_03-REF,EEG SD_03-REF,EEG SD_03-REF,EEG SD_03-REF,EEG SD_03-REF,EEG SD_03-REF,EEG SD_03-REF,EEG SD_03-REF,EEG SD_03-REF,EEG SD_03-REF,EEG SD_03-REF,EEG SD_03-REF,EEG SD_03-REF,EEG SD_03-REF,EEG SD_03-REF,EEG SD_03-REF,EEG SD_03-REF,EEG SD_03-REF,EEG SD_03-REF,EEG SD_03-REF,EEG SD_03-REF,EEG SD_03-REF,EEG SD_03-REF,EEG SD_03-REF,EEG SD_03-REF,EEG SD_03-REF,EEG SD_03-REF,,EEG SD_03-REF,EEG SD_03-REF,EEG SD_03-REF,EEG SD_03-REF,EEG SD_03-REF,EEG SD_03-REF,EEG SD_03-REF,EEG SD_03-REF,EEG SD_03-REF,EEG SD_03-REF,EEG SD_03-REF,EEG SD_03-REF,EEG SD_03-REF,EEG SD_03-REF,,EEG SD_03-REF
EEG SD_04-REF,EEG SD_04-REF,EEG SD_04-REF,EEG SD_04-REF,EEG SD_04-REF,EEG SD_04-REF,EEG SD_04-REF,EEG SD_04-REF,EEG SD_04-REF,EEG SD_04-REF,EEG SD_04-REF,EEG SD_04-REF,EEG SD_04-REF,EEG SD_04-REF,EEG SD_04-REF,EEG SD_04-REF,EEG SD_04-REF,EEG SD_04-REF,EEG SD_04-REF,EEG SD_04-REF,EEG SD_04-REF,EEG SD_04-REF,EEG SD_04-REF,EEG SD_04-REF,EEG SD_04-REF,EEG SD_04-REF,EEG SD_04-REF,EEG SD_04-REF,,EEG SD_04-REF,EEG SD_04-REF,EEG SD_04-REF,EEG SD_04-REF,EEG SD_04-REF,EEG SD_04-REF,EEG SD_04-REF,EEG SD_04-REF,EEG SD_04-REF,EEG SD_04-REF,EEG SD_04-REF,EEG SD_04-REF,EEG SD_04-REF,EEG SD_04-REF,,EEG SD_04-REF
EEG SD_05-REF,EEG SD_05-REF,EEG SD_05-REF,EEG SD_05-REF,EEG SD_05-REF,EEG SD_05-REF,EEG SD_05-REF,EEG SD_05-REF,EEG SD_05-REF,EEG SD_05-REF,EEG SD_05-REF,EEG SD_05-REF,EEG SD_05-REF,EEG SD_05-REF,EEG SD_05-REF,EEG SD_05-REF,EEG SD_05-REF,EEG SD_05-REF,EEG SD_05-REF,EEG SD_05-REF,EEG SD_05-REF,EEG SD_05-REF,EEG SD_05-REF,EEG SD_05-REF,EEG SD_05-REF,EEG SD_05-REF,EEG SD_05-REF,EEG SD_05-REF,,EEG SD_05-REF,EEG SD_05-REF,EEG SD_05-REF,EEG SD_05-REF,EEG SD_05-REF,EEG SD_05-REF,EEG SD_05-REF,EEG SD_05-REF,EEG SD_05-REF,EEG SD_05-REF,EEG SD_05-REF,EEG SD_05-REF,EEG SD_05-REF,EEG SD_05-REF,,EEG SD_05-REF
EEG SD_06-REF,EEG SD_06-REF,EEG SD_06-REF,EEG SD_06-REF,EEG SD_06-REF,EEG SD_06-REF,EEG SD_06-REF,EEG SD_06-REF,EEG SD_06-REF,EEG SD_06-REF,EEG SD_06-REF,EEG SD_06-REF,EEG SD_06-REF,EEG SD_06-REF,EEG SD_06-REF,EEG SD_06-REF,EEG SD_06-REF,EEG SD_06-REF,EEG SD_06-REF,EEG SD_06-REF,EEG SD_06-REF,EEG SD_06-REF,EEG SD_06-REF,EEG SD_06-REF,EEG SD_06-REF,EEG SD_06-REF,EEG SD_06-REF,EEG SD_06-REF,,EEG SD_06-REF,EEG SD_06-REF,EEG SD_06-REF,EEG SD_06-REF,EEG SD_06-REF,EEG SD_06-REF,EEG SD_06-REF,EEG SD_06-REF,EEG SD_06-REF,EEG SD_06-REF,EEG SD_06-REF,EEG SD_06-REF,EEG SD_06-REF,EEG SD_06-REF,,EEG SD_06-REF
EEG DA_01-REF,EEG DA_01-REF,EEG DA_01-REF,EEG DA_01-REF,EEG DA_01-REF,EEG DA_01-REF,EEG DA_01-REF,EEG DA_01-REF,EEG DA_01-REF,EEG DA_01-REF,EEG DA_01-REF,EEG DA_01-REF,EEG DA_01-REF,EEG DA_01-REF,EEG DA_01-REF,EEG DA_01-REF,EEG DA_01-REF,EEG DA_01-REF,EEG DA_01-REF,EEG DA_01-REF,EEG DA_01-REF,EEG DA_01-REF,EEG DA_01-REF,EEG DA_01-REF,EEG DA_01-REF,EEG DA_01-REF,EEG DA_01-REF,EEG DA_01-REF,,EEG DA_01-REF,EEG DA_01-REF,EEG DA_01-REF,EEG DA_01-REF,EEG DA_01-REF,EEG DA_01-REF,EEG DA_01-REF,EEG DA_01-REF,EEG DA_01-REF,EEG DA_01-REF,EEG DA_01-REF,EEG DA_01-REF,EEG DA_01-REF,EEG DA_01-REF,,EEG DA_01-REF
EEG DA_02-REF,EEG DA_02-REF,EEG DA_02-REF,EEG DA_02-REF,EEG DA_02-REF,EEG DA_02-REF,EEG DA_02-REF,EEG DA_02-REF,EEG DA_02-REF,EEG DA_02-REF,EEG DA_02-REF,EEG DA_02-REF,EEG DA_02-REF,EEG DA_02-REF,EEG DA_02-REF,EEG DA_02-REF,EEG DA_02-REF,EEG DA_02-REF,EEG DA_02-REF,EEG DA_02-REF,EEG DA_02-REF,EEG DA_02-REF,EEG DA_02-REF,EEG DA_02-REF,EEG DA_02-REF,EEG DA_02-REF,EEG DA_02-REF,EEG DA_02-REF,,EEG DA_02-REF,EEG DA_02-REF,EEG DA_02-REF,EEG DA_02-REF,EEG DA_02-REF,EEG DA_02-REF,EEG DA_02-REF,EEG DA_02-REF,EEG DA_02-REF,EEG DA_02-REF,EEG DA_02-REF,EEG DA_02-REF,EEG DA_02-REF,EEG DA_02-REF,,EEG DA_02-REF
EEG DA_03-REF,EEG DA_03-REF,EEG DA_03-REF,EEG DA_03-REF,EEG DA_03-REF,EEG DA_03-REF,EEG DA_03-REF,EEG DA_03-REF,EEG DA_03-REF,EEG DA_03-REF,EEG DA_03-REF,EEG DA_03-REF,EEG DA_03-REF,EEG DA_03-REF,EEG DA_03-REF,EEG DA_03-REF,EEG DA_03-REF,EEG DA_03-REF,EEG DA_03-REF,EEG DA_03-REF,EEG DA_03-REF,EEG DA_03-REF,EEG DA_03-REF,EEG DA_03-REF,EEG DA_03-REF,EEG DA_03-REF,EEG DA_03-REF,EEG DA_03-REF,,EEG DA_03-REF,EEG DA_03-REF,EEG DA_03-REF,EEG DA_03-REF,EEG DA_03-REF,EEG DA_03-REF,EEG DA_03-REF,EEG DA_03-REF,EEG DA_03-REF,EEG DA_03-REF,EEG DA_03-REF,EEG DA_03-REF,EEG DA_03-REF,EEG DA_03-REF,,EEG DA_03-REF
EEG DA_04-REF,EEG DA_04-REF,EEG DA_04-REF,EEG DA_04-REF,EEG DA_04-REF,EEG DA_04-REF,EEG DA_04-REF,EEG DA_04-REF,EEG DA_04-REF,EEG DA_04-REF,EEG DA_04-REF,EEG DA_04-REF,EEG DA_04-REF,EEG DA_04-REF,EEG DA_04-REF,EEG DA_04-REF,EEG DA_04-REF,EEG DA_04-REF,EEG DA_04-REF,EEG DA_04-REF,EEG DA_04-REF,EEG DA_04-REF,EEG DA_04-REF,EEG DA_04-REF,EEG DA_04-REF,EEG DA_04-REF,EEG DA_04-REF,EEG DA_04-REF,,EEG DA_04-REF,EEG DA_04-REF,EEG DA_04-REF,EEG DA_04-REF,EEG DA_04-REF,EEG DA_04-REF,EEG DA_04-REF,EEG DA_04-REF,EEG DA_04-REF,EEG DA_04-REF,EEG DA_04-REF,EEG DA_04-REF,EEG DA_04-REF,EEG DA_04-REF,,EEG DA_04-REF
EEG DA_05-REF,EEG DA_05-REF,EEG DA_05-REF,EEG DA_05-REF,EEG DA_05-REF,EEG DA_05-REF,EEG DA_05-REF,EEG DA_05-REF,EEG DA_05-REF,EEG DA_05-REF,EEG DA_05-REF,EEG DA_05-REF,EEG DA_05-REF,EEG DA_05-REF,EEG DA_05-REF,EEG DA_05-REF,EEG DA_05-REF,EEG DA_05-REF,EEG DA_05-REF,EEG DA_05-REF,EEG DA_05-REF,EEG DA_05-REF,EEG DA_05-REF,EEG DA_05-REF,EEG DA_05-REF,EEG DA_05-REF,EEG DA_05-REF,EEG DA_05-REF,,EEG DA_05-REF,EEG DA_05-REF,EEG DA_05-REF,EEG DA_05-REF,EEG DA_05-REF,EEG DA_05-REF,EEG DA_05-REF,EEG DA_05-REF,EEG DA_05-REF,EEG DA_05-REF,EEG DA_05-REF,EEG DA_05-REF,EEG DA_05-REF,EEG DA_05-REF,,EEG DA_05-REF
EEG DA_06-REF,EEG DA_06-REF,EEG DA_06-REF,EEG DA_06-REF,EEG DA_06-REF,EEG DA_06-REF,EEG DA_06-REF,EEG DA_06-REF,EEG DA_06-REF,EEG DA_06-REF,EEG DA_06-REF,EEG DA_06-REF,EEG DA_06-REF,EEG DA_06-REF,EEG DA_06-REF,EEG DA_06-REF,EEG DA_06-REF,EEG DA_06-REF,EEG DA_06-REF,EEG DA_06-REF,EEG DA_06-REF,EEG DA_06-REF,EEG DA_06-REF,EEG DA_06-REF,EEG DA_06-REF,EEG DA_06-REF,EEG DA_06-REF,EEG DA_06-REF,,EEG DA_06-REF,EEG DA_06-REF,EEG DA_06-REF,EEG DA_06-REF,EEG DA_06-REF,EEG DA_06-REF,EEG DA_06-REF,EEG DA_06-REF,EEG DA_06-REF,EEG DA_06-REF,EEG DA_06-REF,EEG DA_06-REF,EEG DA_06-REF,EEG DA_06-REF,,EEG DA_06-REF
EEG DH_01-REF,EEG DH_01-REF,EEG DH_01-REF,EEG DH_01-REF,EEG DH_01-REF,EEG DH_01-REF,EEG DH_01-REF,EEG DH_01-REF,EEG DH_01-REF,EEG DH_01-REF,EEG DH_01-REF,EEG DH_01-REF,EEG DH_01-REF,EEG DH_01-REF,EEG DH_01-REF,EEG DH_01-REF,EEG DH_01-REF,EEG DH_01-REF,EEG DH_01-REF,EEG DH_01-REF,EEG DH_01-REF,EEG DH_01-REF,EEG DH_01-REF,EEG DH_01-REF,EEG DH_01-REF,EEG DH_01-REF,EEG DH_01-REF,EEG DH_01-REF,,EEG DH_01-REF,EEG DH_01-REF,EEG DH_01-REF,EEG DH_01-REF,EEG DH_01-REF,EEG DH_01-REF,EEG DH_01-REF,EEG DH_01-REF,EEG DH_01-REF,EEG DH_01-REF,EEG DH_01-REF,EEG DH_01-REF,EEG DH_01-REF,EEG DH_01-REF,,EEG DH_01-REF
EEG DH_02-REF,EEG DH_02-REF,EEG DH_02-REF,EEG DH_02-REF,EEG DH_02-REF,EEG DH_02-REF,EEG DH_02-REF,EEG DH_02-REF,EEG DH_02-REF,EEG DH_02-REF,EEG DH_02-REF,EEG DH_02-REF,EEG DH_02-REF,EEG DH_02-REF,EEG DH_02-REF,EEG DH_02-REF,EEG DH_02-REF,EEG DH_02-REF,EEG DH_02-REF,EEG DH_02-REF,EEG DH_02-REF,EEG DH_02-REF,EEG DH_02-REF,EEG DH_02-REF,EEG DH_02-REF,EEG DH_02-REF,EEG DH_02-REF,EEG DH_02-REF,,EEG DH_02-REF,EEG DH_02-REF,EEG DH_02-REF,EEG DH_02-REF,EEG DH_02-REF,EEG DH_02-REF,EEG DH_02-REF,EEG DH_02-REF,EEG DH_02-REF,EEG DH_02-REF,EEG DH_02-REF,EEG DH_02-REF,EEG DH_02-REF,EEG DH_02-REF,,EEG DH_02-REF
EEG DH_03-REF,EEG DH_03-REF,EEG DH_03-REF,EEG DH_03-REF,EEG DH_03-REF,EEG DH_03-REF,EEG DH_03-REF,EEG DH_03-REF,EEG DH_03-REF,EEG DH_03-REF,EEG DH_03-REF,EEG DH_03-REF,EEG DH_03-REF,EEG DH_03-REF,EEG DH_03-REF,EEG DH_03-REF,EEG DH_03-REF,EEG DH_03-REF,EEG DH_03-REF,EEG DH_03-REF,EEG DH_03-REF,EEG DH_03-REF,EEG DH_03-REF,EEG DH_03-REF,EEG DH_03-REF,EEG DH_03-REF,EEG DH_03-REF,EEG DH_03-REF,,EEG DH_03-REF,EEG DH_03-REF,EEG DH_03-REF,EEG DH_03-REF,EEG DH_03-REF,EEG DH_03-REF,EEG DH_03-REF,EEG DH_03-REF,EEG DH_03-REF,EEG DH_03-REF,EEG DH_03-REF,EEG DH_03-REF,EEG DH_03-REF,EEG DH_03-REF,,EEG DH_03-REF
EEG DH_04-REF,EEG DH_04-REF,EEG DH_04-REF,EEG DH_04-REF,EEG DH_04-REF,EEG DH_04-REF,EEG DH_04-REF,EEG DH_04-REF,EEG DH_04-REF,EEG DH_04-REF,EEG DH_04-REF,EEG DH_04-REF,EEG DH_04-REF,EEG DH_04-REF,EEG DH_04-REF,EEG DH_04-REF,EEG DH_04-REF,EEG DH_04-REF,EEG DH_04-REF,EEG DH_04-REF,EEG DH_04-REF,EEG DH_04-REF,EEG DH_04-REF,EEG DH_04-REF,EEG DH_04-REF,EEG DH_04-REF,EEG DH_04-REF,EEG DH_04-REF,,EEG DH_04-REF,EEG DH_04-REF,EEG DH_04-REF,EEG DH_04-REF,EEG DH_04-REF,EEG DH_04-REF,EEG DH_04-REF,EEG DH_04-REF,EEG DH_04-REF,EEG DH_04-REF,EEG DH_04-REF,EEG DH_04-REF,EEG DH_04-REF,EEG DH_04-REF,,EEG DH_04-REF
EEG DH_05-REF,EEG DH_05-REF,EEG DH_05-REF,EEG DH_05-REF,EEG DH_05-REF,EEG DH_05-REF,EEG DH_05-REF,EEG DH_05-REF,EEG DH_05-REF,EEG DH_05-REF,EEG DH_05-REF,EEG DH_05-REF,EEG DH_05-REF,EEG DH_05-REF,EEG DH_05-REF,EEG DH_05-REF,EEG DH_05-REF,EEG DH_05-REF,EEG DH_05-REF,EEG DH_05-REF,EEG DH_05-REF,EEG DH_05-REF,EEG DH_05-REF,EEG DH_05-REF,EEG DH_05-REF,EEG DH_05-REF,EEG DH_05-REF,EEG DH_05-REF,,EEG DH_05-REF,EEG DH_05-REF,EEG DH_05-REF,EEG DH_05-REF,EEG DH_05-REF,EEG DH_05-REF,EEG DH_05-REF,EEG DH_05-REF,EEG DH_05-REF,EEG DH_05-REF,EEG DH_05-REF,EEG DH_05-REF,EEG DH_05-REF,EEG DH_05-REF,,EEG DH_05-REF
EEG DH_06-REF,EEG DH_06-REF,EEG DH_06-REF,EEG DH_06-REF,EEG DH_06-REF,EEG DH_06-REF,EEG DH_06-REF,EEG DH_06-REF,EEG DH_06-REF,EEG DH_06-REF,EEG DH_06-REF,EEG DH_06-REF,EEG DH_06-REF,EEG DH_06-REF,EEG DH_06-REF,EEG DH_06-REF,EEG DH_06-REF,EEG DH_06-REF,EEG DH_06-REF,EEG DH_06-REF,EEG DH_06-REF,EEG DH_06-REF,EEG DH_06-REF,EEG DH_06-REF,EEG DH_06-REF,EEG DH_06-REF,EEG DH_06-REF,EEG DH_06-REF,,EEG DH_06-REF,EEG DH_06-REF,EEG DH_06-REF,EEG DH_06-REF,EEG DH_06-REF,EEG DH_06-REF,EEG DH_06-REF,EEG DH_06-REF,EEG DH_06-REF,EEG DH_06-REF,EEG DH_06-REF,EEG DH_06-REF,EEG DH_06-REF,EEG DH_06-REF,,EEG DH_06-REF
EEG DL_01-REF,EEG DL_01-REF,EEG DL_01-REF,EEG DL_01-REF,EEG DL_01-REF,EEG DL_01-REF,EEG DL_01-REF,EEG DL_01-REF,EEG DL_01-REF,EEG DL_01-REF,EEG DL_01-REF,EEG DL_01-REF,EEG DL_01-REF,EEG DL_01-REF,EEG DL_01-REF,EEG DL_01-REF,EEG DL_01-REF,EEG DL_01-REF,EEG DL_01-REF,EEG DL_01-REF,EEG DL_01-REF,EEG DL_01-REF,EEG DL_01-REF,EEG DL_01-REF,EEG DL_01-REF,EEG DL_01-REF,EEG DL_01-REF,EEG DL_01-REF,,EEG DL_01-REF,EEG DL_01-REF,EEG DL_01-REF,EEG DL_01-REF,EEG DL_01-REF,EEG DL_01-REF,EEG DL_01-REF,EEG DL_01-REF,EEG DL_01-REF,EEG DL_01-REF,EEG DL_01-REF,EEG DL_01-REF,EEG DL_01-REF,EEG DL_01-REF,,EEG DL_01-REF
EEG DL_02-REF,EEG DL_02-REF,EEG DL_02-REF,EEG DL_02-REF,EEG DL_02-REF,EEG DL_02-REF,EEG DL_02-REF,EEG DL_02-REF,EEG DL_02-REF,EEG DL_02-REF,EEG DL_02-REF,EEG DL_02-REF,EEG DL_02-REF,EEG DL_02-REF,EEG DL_02-REF,EEG DL_02-REF,EEG DL_02-REF,EEG DL_02-REF,EEG DL_02-REF,EEG DL_02-REF,EEG DL_02-REF,EEG DL_02-REF,EEG DL_02-REF,EEG DL_02-REF,EEG DL_02-REF,EEG DL_02-REF,EEG DL_02-REF,EEG DL_02-REF,,EEG DL_02-REF,EEG DL_02-REF,EEG DL_02-REF,EEG DL_02-REF,EEG DL_02-REF,EEG DL_02-REF,EEG DL_02-REF,EEG DL_02-REF,EEG DL_02-REF,EEG DL_02-REF,EEG DL_02-REF,EEG DL_02-REF,EEG DL_02-REF,EEG DL_02-REF,,EEG DL_02-REF
EEG DL_03-REF,EEG DL_03-REF,EEG DL_03-REF,EEG DL_03-REF,EEG DL_03-REF,EEG DL_03-REF,EEG DL_03-REF,EEG DL_03-REF,EEG DL_03-REF,EEG DL_03-REF,EEG DL_03-REF,EEG DL_03-REF,EEG DL_03-REF,EEG DL_03-REF,EEG DL_03-REF,EEG DL_03-REF,EEG DL_03-REF,EEG DL_03-REF,EEG DL_03-REF,EEG DL_03-REF,EEG DL_03-REF,EEG DL_03-REF,EEG DL_03-REF,EEG DL_03-REF,EEG DL_03-REF,EEG DL_03-REF,EEG DL_03-REF,EEG DL_03-REF,,EEG DL_03-REF,EEG DL_03-REF,EEG DL_03-REF,EEG DL_03-REF,EEG DL_03-REF,EEG DL_03-REF,EEG DL_03-REF,EEG DL_03-REF,EEG DL_03-REF,EEG DL_03-REF,EEG DL_03-REF,EEG DL_03-REF,EEG DL_03-REF,EEG DL_03-REF,,EEG DL_03-REF
EEG DL_04-REF,EEG DL_04-REF,EEG DL_04-REF,EEG DL_04-REF,EEG DL_04-REF,EEG DL_04-REF,EEG DL_04-REF,EEG DL_04-REF,EEG DL_04-REF,EEG DL_04-REF,EEG DL_04-REF,EEG DL_04-REF,EEG DL_04-REF,EEG DL_04-REF,EEG DL_04-REF,EEG DL_04-REF,EEG DL_04-REF,EEG DL_04-REF,EEG DL_04-REF,EEG DL_04-REF,EEG DL_04-REF,EEG DL_04-REF,EEG DL_04-REF,EEG DL_04-REF,EEG DL_04-REF,EEG DL_04-REF,EEG DL_04-REF,EEG DL_04-REF,,EEG DL_04-REF,EEG DL_04-REF,EEG DL_04-REF,EEG DL_04-REF,EEG DL_04-REF,EEG DL_04-REF,EEG DL_04-REF,EEG DL_04-REF,EEG DL_04-REF,EEG DL_04-REF,EEG DL_04-REF,EEG DL_04-REF,EEG DL_04-REF,EEG DL_04-REF,,EEG DL_04-REF
Manual,Manual,Manual,Manual,Manual,,,,,,,,,,,,,,,,,,,,,,,Manual,Manual,Manual,Manual,Manual,Manual,Manual,Manual,Manual,Manual,Manual,Manual,Manual,Manual,Manual,Manual,Manual,Manual
ECG-REF,,ECG-REF,ECG-REF,ECG-REF,ECG-REF,ECG-REF,ECG-REF,ECG-REF,ECG-REF,ECG-REF,ECG-REF,ECG-REF,ECG-REF,ECG-REF,ECG-REF,ECG-REF,ECG-REF,ECG-REF,ECG-REF,ECG-REF,ECG-REF,ECG-REF,ECG-REF,ECG-REF,ECG-REF,ECG-REF,ECG-REF,,ECG-REF,ECG-REF,ECG-REF,ECG-REF,ECG-REF,ECG-REF,ECG-REF,ECG-REF,ECG-REF,ECG-REF,ECG-REF,ECG-REF,ECG-REF,ECG-REF,,ECG-REF
Photic-REF,,,,,,,,,,,,,,,,,Photic-REF,Photic-REF,Photic-REF,Photic-REF,,,,,,,,,,,,,,,,Photic-REF,,,,,,,,
EMG Left_Erbs-RE,,,,,,,,,,,,,,,,,,,,EMG Left_Erbs-RE,,,,,,,,,,,,,,,,,,,,,,,,
Blank-REF,,,,,,,,,,,,,,,,,,,,,,Blank-REF,Blank-REF,,,,,,,,Blank-REF,,Blank-REF,Blank-REF,,,,,Blank-REF,,,,,
,,,,,,,,,,,,,,,,,,,,,,,,,,,,,,,,,,,,,,,,,,,,
